Mã Giao Dịch,Tên Khách Hàng,Số Điện Thoại,Kênh Bán,Doanh Thu,Ngày Tạo
TRX-2026-00001,Hồ Xuân Tâm,0942331120,TikTok Shop,474000,09/08/2026
TRX-2026-00002,Lê Quang Linh,0947292405,Shopee,6519000,03/08/2026
TRX-2026-00003,Bùi Anh Giang,0991740991,Facebook Ads,3947000,02/08/2026
TRX-2026-00004,Huỳnh Thành Cường,0932265120,TikTok Shop,4639000,10/08/2026
TRX-2026-00005,HOÀNG ANH HƯƠNG,0948508913,TikTok Shop,3749000,03/08/2026
TRX-2026-00006,Lê Quang Trang,937007300,Lazada,1998000,07/08/2026
TRX-2026-00007,   võ văn khánh  ,0951732366,TikTok Shop,1828000,08/08/2026
TRX-2026-00008,Phạm Xuân Em,0952.546.942,Shopee,7216000,08/08/2026
TRX-2026-00009,Phạm Thành Em,0961 911 480,Website,7212000,04/08/2026
TRX-2026-00010,PHAN VĂN PHÚC,0954876950,Lazada,2484000,03/08/2026
TRX-2026-00011,Dương Quang Sơn,0938200173,Cửa Hàng Trực Tiếp,4722000,05/08/2026
TRX-2026-00012,Võ Hồng Dũng,977478654,Shopee,555000,09/08/2026
TRX-2026-00013,Nguyễn Hồng Cường,0982543958,Website,2426000,03/08/2026
TRX-2026-00014,   lê minh an  ,0980516494,Tiki,3715000,03/08/2026
TRX-2026-00015,TRẦN XUÂN KHÁNH,0942158507,Cửa Hàng Trực Tiếp,1101000,09/08/2026
TRX-2026-00016,Nguyễn Ngọc Uyên,0924.038.266,Website,2059000,05/08/2026
TRX-2026-00017,Ngô Ngọc Sơn,0989047773,Facebook Ads,5677000,07/08/2026
TRX-2026-00018,Dương Thị Dũng,919766688,Facebook Ads,6950000,01/08/2026
TRX-2026-00019,Trần Minh Em,0936062083,Tiki,4361000,08/08/2026
TRX-2026-00020,NGÔ QUANG HẢI,0946789505,Facebook Ads,930000,06/08/2026
TRX-2026-00021,   lê thành bình  ,0995660246,Cửa Hàng Trực Tiếp,1902000,02/08/2026
TRX-2026-00022,Lê Quang Dũng,0952013574,Facebook Ads,1533000,02/08/2026
TRX-2026-00023,Nguyễn Hoài Hương,0978636492,Website,1996000,01/08/2026
TRX-2026-00024,Phạm Đức Cường,934205200,Facebook Ads,2137000,02/08/2026
TRX-2026-00005,HOÀNG XUÂN LINH,0944483572,Shopee,2867000,04/08/2026
TRX-2026-00026,Vũ Đức Linh,0982813844,Tiki,7359000,09/08/2026
TRX-2026-00027,Trần Hồng Hải,0977 098 116,Tiki,3157000,09/08/2026
TRX-2026-00028,   võ hồng cường  ,0998336294,TikTok Shop,1779000,09/08/2026
TRX-2026-00029,Đỗ Thanh Hải,0985070925,Cửa Hàng Trực Tiếp,2586000,10/08/2026
TRX-2026-00030,ĐẶNG XUÂN BÌNH,990394749,Lazada,6703000,08/08/2026
TRX-2026-00031,Lê Hoài Tâm,0957523585,Lazada,1453000,05/08/2026
TRX-2026-00032,Dương Quang Em,0956.149.446,Tiki,790000,03/08/2026
TRX-2026-00033,Võ Ngọc Phúc,0967518507,Website,3073000,06/08/2026
TRX-2026-00034,Đỗ Minh Vinh,0939656381,Website,2150000,05/08/2026
TRX-2026-00035,   võ thị trang  ,0928868061,Lazada,4012000,01/08/2026
TRX-2026-00036,Bùi Đức Khánh,973113894,Website,5342000,01/08/2026
TRX-2026-00037,Đặng Văn Trang,0935211835,Facebook Ads,3639000,05/08/2026
TRX-2026-00038,Võ Văn Trang,0985373588,Tiki,7376000,01/08/2026
TRX-2026-00039,Nguyễn Đức Em,0976692496,TikTok Shop,7663000,09/08/2026
,HỒ XUÂN HƯƠNG,0992.522.891,Shopee,905000,01/08/2026
TRX-2026-00041,Võ Đức Vinh,0946649550,Tiki,4264000,08/08/2026
TRX-2026-00042,   đỗ thanh linh  ,983856552,Cửa Hàng Trực Tiếp,7145000,09/08/2026
TRX-2026-00043,Lê Ngọc Trang,0924259211,Cửa Hàng Trực Tiếp,5715000,07/08/2026
TRX-2026-00044,Ngô Hoài Cường,0938981818,Tiki,883000,09/08/2026
TRX-2026-00045,PHẠM VĂN LINH,0928 783 535,Website,6240000,08/08/2026
TRX-2026-00046,Nguyễn Đức Uyên,0959797957,Facebook Ads,8369000,08/08/2026
TRX-2026-00047,Hoàng Đức Uyên,0952878804,TikTok Shop,1712000,03/08/2026
TRX-2026-00048,Đỗ Minh Cường,984553788,Facebook Ads,2116000,05/08/2026
TRX-2026-00049,   trần hồng bình  ,0923528912,Shopee,8166000,05/08/2026
TRX-2026-00049,TRẦN XUÂN HẢI,0953246934,Lazada,0,07/08/2026
TRX-2026-00051,Võ Anh Bình,0949002538,Website,5242000,10/08/2026
TRX-2026-00052,Lê Anh Phúc,0934397522,TikTok Shop,2790000,05/08/2026
TRX-2026-00053,Hoàng Thanh Cường,0932331226,Cửa Hàng Trực Tiếp,221000,01/08/2026
TRX-2026-00054,Nguyễn Hồng Uyên,983279774,Cửa Hàng Trực Tiếp,8353000,05/08/2026
TRX-2026-00055,ĐẶNG NGỌC TRANG,0944258781,Shopee,3093000,02/08/2026
TRX-2026-00056,   võ thị hương  ,0961.697.026,Facebook Ads,377000,02/08/2026
TRX-2026-00057,Lê Thanh Vinh,0911419973,TikTok Shop,772000,06/08/2026
TRX-2026-00058,Hoàng Thị Phúc,0947313356,Facebook Ads,6307000,06/08/2026
TRX-2026-00059,Hoàng Hoài An,0983627601,Tiki,1660000,09/08/2026
TRX-2026-00060,NGUYỄN QUANG NAM,982386660,TikTok Shop,8091000,01/08/2026
TRX-2026-00061,Phan Minh Linh,0998019840,Cửa Hàng Trực Tiếp,1762000,04/08/2026
TRX-2026-00062,Võ Văn Sơn,0927944137,Website,8200000,03/08/2026
TRX-2026-00063,   đỗ minh hải  ,0977 481 580,Website,2429000,06/08/2026
TRX-2026-00064,Nguyễn Thị Khánh,0963.418.540,Lazada,7489000,09/08/2026
TRX-2026-00065,BÙI NGỌC UYÊN,0965401814,Lazada,1198000,06/08/2026
TRX-2026-00066,Võ Văn Linh,927936698,Cửa Hàng Trực Tiếp,637000,05/08/2026
TRX-2026-00067,Hồ Ngọc Uyên,0969883010,Lazada,3473000,05/08/2026
TRX-2026-00068,Phan Anh Quân,0946146122,Shopee,1186000,10/08/2026
TRX-2026-00069,Nguyễn Anh Nam,0966261069,Facebook Ads,5167000,05/08/2026
TRX-2026-00070,   hồ văn cường  ,0938803269,Lazada,-500000,03/08/2026
TRX-2026-00071,Trần Anh Nam,0958999451,Shopee,953000,06/08/2026
TRX-2026-00072,Đặng Hồng Bình,924804908,Facebook Ads,401000,01/08/2026
TRX-2026-00073,Trần Anh Sơn,0975222098,TikTok Shop,5820000,09/08/2026
TRX-2026-00074,Dương Thành Nam,0948661614,TikTok Shop,2626000,09/08/2026
TRX-2026-00049,HUỲNH HOÀI PHÚC,0988270384,Lazada,5683000,09/08/2026
TRX-2026-00076,Phan Thanh Vinh,0955903995,Tiki,5256000,06/08/2026
TRX-2026-00077,   võ minh linh  ,0997425879,TikTok Shop,1785000,02/08/2026
TRX-2026-00078,Đặng Xuân Bình,974562835,Lazada,3366000,06/08/2026
TRX-2026-00079,Ngô Thanh Phúc,0974136146,Cửa Hàng Trực Tiếp,3763000,09/08/2026
,HOÀNG MINH NAM,0929.788.158,Facebook Ads,3910000,03/08/2026
TRX-2026-00081,Phan Thành Em,0914 635 742,Website,5476000,08/08/2026
TRX-2026-00082,Phạm Thành Vinh,0973910180,Lazada,4093000,03/08/2026
TRX-2026-00083,Trần Hoài Em,0923860730,Website,502000,08/08/2026
TRX-2026-00084,   đặng hoài nam  ,942726651,Cửa Hàng Trực Tiếp,4078000,03/08/2026
TRX-2026-00085,HUỲNH XUÂN NAM,0912937075,Website,2981000,01/08/2026
TRX-2026-00086,Ngô Hoài Phúc,0937325589,Shopee,7691000,02/08/2026
TRX-2026-00087,Phan Hoài Khánh,0969125622,Cửa Hàng Trực Tiếp,1108000,09/08/2026
TRX-2026-00088,Phạm Thị Linh,0916.181.474,Cửa Hàng Trực Tiếp,7088000,02/08/2026
TRX-2026-00089,Lê Thành Cường,0928415650,Cửa Hàng Trực Tiếp,272000,08/08/2026
TRX-2026-00090,BÙI QUANG LINH,927016272,Tiki,4899000,03/08/2026
TRX-2026-00091,   trần minh dũng  ,0925219446,Tiki,4291000,04/08/2026
TRX-2026-00092,Đỗ Văn An,0920556592,Facebook Ads,1916000,02/08/2026
TRX-2026-00093,Bùi Thành Nam,0949293163,Lazada,7191000,01/08/2026
TRX-2026-00094,Nguyễn Minh Em,0930536939,Website,2168000,02/08/2026
TRX-2026-00095,ĐỖ ĐỨC QUÂN,0991986069,Facebook Ads,2327000,08/08/2026
TRX-2026-00096,Võ Văn Hải,972034720,Cửa Hàng Trực Tiếp,7234000,08/08/2026
TRX-2026-00097,Phạm Xuân Linh,0941265169,Cửa Hàng Trực Tiếp,5027000,03/08/2026
TRX-2026-00098,   phan văn vinh  ,0929218651,Lazada,3149000,02/08/2026
TRX-2026-00099,Đặng Đức An,0980 359 822,TikTok Shop,4359000,04/08/2026
TRX-2026-00082,NGÔ THỊ PHÚC,0915062347,Shopee,0,03/08/2026
TRX-2026-00101,Võ Anh Giang,0999381234,TikTok Shop,8283000,06/08/2026
TRX-2026-00102,Ngô Thanh Tâm,982834306,Website,2462000,06/08/2026
TRX-2026-00103,Dương Ngọc Trang,0995931329,Tiki,1621000,06/08/2026
TRX-2026-00104,Võ Hoài Phúc,0978.098.047,Facebook Ads,3493000,03/08/2026
TRX-2026-00105,   vũ anh khánh  ,0980160508,Lazada,7852000,03/08/2026
TRX-2026-00106,Ngô Anh Hương,0921414924,Shopee,1734000,08/08/2026
TRX-2026-00107,Phạm Minh Uyên,0939574751,Lazada,2440000,07/08/2026
TRX-2026-00108,Lê Thành Hương,956839810,Facebook Ads,2863000,08/08/2026
TRX-2026-00109,Bùi Thị Dũng,0987266580,Tiki,4557000,07/08/2026
TRX-2026-00110,HỒ ĐỨC TRANG,0922224345,Cửa Hàng Trực Tiếp,2677000,02/08/2026
TRX-2026-00111,Lê Ngọc Cường,0985013103,Shopee,5316000,03/08/2026
TRX-2026-00112,   đặng thị em  ,0915.428.992,Lazada,4867000,09/08/2026
TRX-2026-00113,Lê Anh Phúc,0980288598,Shopee,150000,06/08/2026
TRX-2026-00114,Đặng Thanh Bình,953362708,Facebook Ads,7452000,07/08/2026
TRX-2026-00115,PHẠM QUANG GIANG,0918502514,Facebook Ads,3451000,01/08/2026
TRX-2026-00116,Đỗ Quang Em,0972501509,Website,7151000,05/08/2026
TRX-2026-00117,Bùi Anh Vinh,0992 492 381,TikTok Shop,1864000,08/08/2026
TRX-2026-00118,Huỳnh Thanh Khánh,0940257854,Website,5637000,04/08/2026
TRX-2026-00119,   đỗ hồng giang  ,0936336104,Shopee,3293000,02/08/2026
,HUỲNH THỊ BÌNH,983325064,Cửa Hàng Trực Tiếp,6477000,10/08/2026
TRX-2026-00121,Nguyễn Văn Dũng,0957674626,Shopee,6675000,02/08/2026
TRX-2026-00122,Ngô Thanh Giang,0998196435,TikTok Shop,5341000,08/08/2026
TRX-2026-00123,Ngô Hồng Uyên,0938349006,TikTok Shop,6085000,08/08/2026
TRX-2026-00124,Dương Đức Bình,0917536917,Shopee,4208000,01/08/2026
TRX-2026-00096,HOÀNG ANH NAM,0984854792,Shopee,6360000,01/08/2026
TRX-2026-00126,   phạm thị giang  ,982167303,Facebook Ads,2901000,09/08/2026
TRX-2026-00127,Phạm Hồng Trang,0982435849,Tiki,5351000,01/08/2026
TRX-2026-00128,Hoàng Thanh Bình,0981.919.235,Facebook Ads,6224000,06/08/2026
TRX-2026-00129,Huỳnh Văn Trang,0915636048,TikTok Shop,295000,04/08/2026
TRX-2026-00130,HỒ HỒNG BÌNH,0999832782,Shopee,7158000,01/08/2026
TRX-2026-00131,Bùi Thành Phúc,0985936397,Website,5438000,08/08/2026
TRX-2026-00132,Hồ Thị Trang,998601097,Lazada,4861000,08/08/2026
TRX-2026-00133,   huỳnh quang cường  ,0946314556,TikTok Shop,2949000,03/08/2026
TRX-2026-00134,Hồ Văn Trang,0998563436,Tiki,2390000,04/08/2026
TRX-2026-00135,BÙI QUANG AN,0962 569 779,Facebook Ads,5141000,07/08/2026
TRX-2026-00136,Huỳnh Thị Khánh,0994.838.703,Lazada,839000,07/08/2026
TRX-2026-00137,Lê Quang Em,0915795529,TikTok Shop,4417000,09/08/2026
TRX-2026-00138,Vũ Thanh Cường,981002063,TikTok Shop,3762000,08/08/2026
TRX-2026-00139,Trần Ngọc Hải,0998053890,TikTok Shop,1565000,05/08/2026
TRX-2026-00140,   lê hoài tâm  ,0936112491,Shopee,-500000,08/08/2026
TRX-2026-00141,Phạm Quang Quân,0954302276,Lazada,351000,02/08/2026
TRX-2026-00142,Phan Thành Cường,0990185198,Facebook Ads,5719000,06/08/2026
TRX-2026-00143,Lê Văn Uyên,0990423644,Facebook Ads,6474000,07/08/2026
TRX-2026-00144,Hoàng Anh Dũng,972517337,Cửa Hàng Trực Tiếp,3490000,06/08/2026
TRX-2026-00145,DƯƠNG MINH SƠN,0922822646,Website,3217000,09/08/2026
TRX-2026-00146,Trần Đức Dũng,0919592290,Tiki,4622000,03/08/2026
TRX-2026-00147,   hoàng văn cường  ,0920920916,Lazada,4903000,01/08/2026
TRX-2026-00148,Lê Văn Hải,0986126073,Website,2832000,10/08/2026
TRX-2026-00149,Dương Văn Linh,0943750538,Cửa Hàng Trực Tiếp,6227000,04/08/2026
TRX-2026-00059,ĐẶNG HOÀI GIANG,924232192,Shopee,0,09/08/2026
TRX-2026-00151,Đỗ Xuân Uyên,0983326958,Lazada,7799000,02/08/2026
TRX-2026-00152,Huỳnh Hoài Khánh,0987.561.251,Facebook Ads,3334000,04/08/2026
TRX-2026-00153,Phạm Thị Dũng,0961 350 556,Tiki,2676000,03/08/2026
TRX-2026-00154,   đỗ thành quân  ,0919522009,Facebook Ads,1010000,01/08/2026
TRX-2026-00155,ĐẶNG VĂN PHÚC,0967779721,Cửa Hàng Trực Tiếp,2973000,06/08/2026
TRX-2026-00156,Dương Thành Uyên,972842335,Cửa Hàng Trực Tiếp,7940000,08/08/2026
TRX-2026-00157,Lê Anh Giang,0997774547,Lazada,8091000,06/08/2026
TRX-2026-00158,Dương Thành Quân,0976209438,Tiki,1581000,06/08/2026
TRX-2026-00159,Nguyễn Hoài Quân,0951453551,Tiki,3285000,08/08/2026
,ĐẶNG THỊ NAM,0935.813.496,Facebook Ads,2621000,03/08/2026
TRX-2026-00161,   dương ngọc em  ,0980804686,Facebook Ads,463000,08/08/2026
TRX-2026-00162,Nguyễn Hoài Uyên,976688132,Lazada,3032000,01/08/2026
TRX-2026-00163,Phan Hoài An,0937207816,Website,5596000,02/08/2026
TRX-2026-00164,Bùi Quang Hải,0915371492,Lazada,6693000,06/08/2026
TRX-2026-00165,PHẠM THÀNH EM,0951945312,Tiki,3727000,02/08/2026
TRX-2026-00166,Lê Hoài Trang,0960889914,Website,4219000,09/08/2026
TRX-2026-00167,Đặng Văn Tâm,0993089225,Tiki,2853000,02/08/2026
TRX-2026-00168,   đỗ hồng tâm  ,978936892,Facebook Ads,7327000,08/08/2026
TRX-2026-00169,Ngô Thành Sơn,0936128048,Cửa Hàng Trực Tiếp,1039000,04/08/2026
TRX-2026-00170,VÕ HỒNG SƠN,0993288075,Tiki,8328000,06/08/2026
TRX-2026-00171,Nguyễn Quang Nam,0995 099 393,Website,545000,08/08/2026
TRX-2026-00172,Bùi Anh Vinh,0981909605,Cửa Hàng Trực Tiếp,7427000,06/08/2026
TRX-2026-00173,Đặng Minh An,0927325033,Tiki,5317000,02/08/2026
TRX-2026-00174,Bùi Thành An,998266851,Website,4933000,01/08/2026
TRX-2026-00139,   vũ minh hải  ,0988882490,TikTok Shop,7762000,05/08/2026
TRX-2026-00176,Hồ Minh Khánh,0960.803.928,Tiki,1566000,03/08/2026
TRX-2026-00177,Hoàng Hồng Hải,0962573380,Cửa Hàng Trực Tiếp,1776000,06/08/2026
TRX-2026-00178,Lê Hoài Phúc,0956530874,Facebook Ads,3312000,01/08/2026
TRX-2026-00179,Võ Minh Phúc,0928479448,TikTok Shop,3234000,05/08/2026
TRX-2026-00180,BÙI NGỌC PHÚC,912675536,TikTok Shop,6526000,04/08/2026
TRX-2026-00181,Bùi Thanh Giang,0966833311,TikTok Shop,3468000,03/08/2026
TRX-2026-00182,   hoàng thị vinh  ,0992846658,Website,4083000,06/08/2026
TRX-2026-00183,Đặng Anh Em,0919354183,Cửa Hàng Trực Tiếp,6422000,04/08/2026
TRX-2026-00184,Nguyễn Xuân An,0927.586.083,Shopee,4215000,05/08/2026
TRX-2026-00185,VŨ XUÂN SƠN,0986500854,Tiki,7194000,01/08/2026
TRX-2026-00186,Hoàng Anh Hải,994743840,Website,6016000,04/08/2026
TRX-2026-00187,Hoàng Thị An,0929703940,TikTok Shop,5047000,02/08/2026
TRX-2026-00188,Hoàng Hoài Nam,0921620931,Website,6022000,01/08/2026
TRX-2026-00189,   ngô hồng bình  ,0939 478 198,Website,7219000,01/08/2026
TRX-2026-00190,PHẠM NGỌC VINH,0919794224,Shopee,7128000,06/08/2026
TRX-2026-00191,Đỗ Đức Khánh,0947226664,Shopee,2895000,01/08/2026
TRX-2026-00192,Vũ Ngọc Cường,917795840,Facebook Ads,7370000,09/08/2026
TRX-2026-00193,Dương Hồng Sơn,0967510298,Facebook Ads,2363000,07/08/2026
TRX-2026-00194,Võ Thanh Cường,0995910776,Website,5763000,06/08/2026
TRX-2026-00195,HỒ ĐỨC CƯỜNG,0927654597,Website,1519000,04/08/2026
TRX-2026-00196,   võ thành nam  ,0928537424,Facebook Ads,2915000,09/08/2026
TRX-2026-00197,Trần Xuân Giang,0972356835,Cửa Hàng Trực Tiếp,8330000,09/08/2026
TRX-2026-00198,Võ Quang Tâm,954945733,Shopee,7693000,03/08/2026
TRX-2026-00199,Phạm Ngọc Bình,0919555501,Website,2994000,07/08/2026
,PHAN QUANG QUÂN,0991.111.563,Shopee,0,04/08/2026
TRX-2026-00201,Phan Đức Hương,0989192979,Cửa Hàng Trực Tiếp,7034000,05/08/2026
TRX-2026-00202,Phạm Thị Bình,0923668499,Tiki,3650000,03/08/2026
TRX-2026-00203,   nguyễn anh khánh  ,0930998255,TikTok Shop,288000,04/08/2026
TRX-2026-00204,Phan Xuân Linh,933875996,Website,5475000,06/08/2026
TRX-2026-00205,ĐỖ HOÀI EM,0999197951,Lazada,2917000,05/08/2026
TRX-2026-00206,Huỳnh Hoài Nam,0995731560,Lazada,3752000,10/08/2026
TRX-2026-00207,Phạm Quang An,0930 338 260,TikTok Shop,4654000,04/08/2026
TRX-2026-00208,Ngô Quang Trang,0981.301.224,Facebook Ads,2826000,10/08/2026
TRX-2026-00209,Bùi Văn Hương,0939994106,Facebook Ads,1385000,02/08/2026
TRX-2026-00210,   nguyễn hoài linh  ,915055790,TikTok Shop,-500000,09/08/2026
TRX-2026-00211,Trần Xuân Dũng,0968442787,Shopee,3698000,07/08/2026
TRX-2026-00212,Phan Thị Phúc,0917257607,Tiki,2614000,05/08/2026
TRX-2026-00213,Hoàng Ngọc Linh,0944813241,TikTok Shop,3292000,05/08/2026
TRX-2026-00214,Đỗ Hoài Em,0918401383,TikTok Shop,6942000,07/08/2026
TRX-2026-00215,ĐẶNG THANH TRANG,0959938595,Lazada,3260000,06/08/2026
TRX-2026-00216,Huỳnh Văn Em,965531335,Lazada,5464000,08/08/2026
TRX-2026-00217,   ngô thanh linh  ,0969386073,TikTok Shop,5992000,02/08/2026
TRX-2026-00218,Nguyễn Ngọc Giang,0971191632,Shopee,2064000,05/08/2026
TRX-2026-00219,Huỳnh Xuân Linh,0987668642,Tiki,1080000,07/08/2026
TRX-2026-00220,ĐỖ VĂN VINH,0982065320,TikTok Shop,7868000,06/08/2026
TRX-2026-00221,Võ Đức Trang,0996018468,Facebook Ads,2770000,03/08/2026
TRX-2026-00222,Phạm Minh Nam,983196376,Cửa Hàng Trực Tiếp,5172000,06/08/2026
TRX-2026-00223,Trần Anh An,0975596581,Website,1278000,04/08/2026
TRX-2026-00224,   võ thanh phúc  ,0975.554.003,Website,2274000,06/08/2026
TRX-2026-00044,DƯƠNG ANH DŨNG,0992 675 719,Cửa Hàng Trực Tiếp,1178000,06/08/2026
TRX-2026-00226,Hồ Minh Hương,0969494589,TikTok Shop,7803000,09/08/2026
TRX-2026-00227,Dương Minh Giang,0913945480,Shopee,1233000,08/08/2026
TRX-2026-00228,Phạm Minh Uyên,976513623,Website,2670000,09/08/2026
TRX-2026-00229,Võ Ngọc Nam,0916929750,Cửa Hàng Trực Tiếp,1225000,03/08/2026
TRX-2026-00230,HOÀNG THỊ UYÊN,0986073954,Tiki,2236000,05/08/2026
TRX-2026-00231,   vũ thị giang  ,0972500280,Cửa Hàng Trực Tiếp,2409000,07/08/2026
TRX-2026-00232,Phạm Văn Hương,0948.781.301,Website,5327000,05/08/2026
TRX-2026-00233,Dương Hoài Em,0980284742,Shopee,6251000,07/08/2026
TRX-2026-00234,Hoàng Thành Nam,988207064,Facebook Ads,6190000,06/08/2026
TRX-2026-00235,ĐẶNG THÀNH BÌNH,0956492268,TikTok Shop,5630000,04/08/2026
TRX-2026-00236,Ngô Hồng Quân,0996475405,Website,3130000,07/08/2026
TRX-2026-00237,Lê Hồng Giang,0912027460,TikTok Shop,8254000,01/08/2026
TRX-2026-00238,   lê thị phúc  ,0979159604,Website,4419000,08/08/2026
TRX-2026-00239,Nguyễn Minh Trang,0953542963,Cửa Hàng Trực Tiếp,7258000,01/08/2026
,DƯƠNG HỒNG HẢI,925413237,Tiki,659000,04/08/2026
TRX-2026-00241,Lê Hồng Uyên,0977952052,Facebook Ads,7680000,05/08/2026
TRX-2026-00242,Trần Đức Vinh,0937079621,Facebook Ads,7367000,07/08/2026
TRX-2026-00243,Vũ Văn Phúc,0987 832 402,Cửa Hàng Trực Tiếp,3095000,05/08/2026
TRX-2026-00244,Ngô Quang Cường,0991348440,Cửa Hàng Trực Tiếp,1064000,05/08/2026
TRX-2026-00245,   ngô ngọc dũng  ,0937344068,Lazada,6823000,05/08/2026
TRX-2026-00246,Võ Quang Vinh,938638742,Lazada,5811000,07/08/2026
TRX-2026-00247,Lê Quang Giang,0952176543,Shopee,6724000,04/08/2026
TRX-2026-00248,Đặng Hoài Cường,0941.383.956,Shopee,3670000,01/08/2026
TRX-2026-00249,Võ Quang Nam,0913058814,Facebook Ads,7190000,10/08/2026
TRX-2026-00172,LÊ ĐỨC QUÂN,0939793564,Lazada,0,05/08/2026
TRX-2026-00251,Vũ Minh Linh,0918166485,Lazada,207000,09/08/2026
TRX-2026-00252,   võ xuân em  ,910350668,Cửa Hàng Trực Tiếp,6495000,07/08/2026
TRX-2026-00253,Ngô Anh Hương,0964903680,Facebook Ads,6036000,02/08/2026
TRX-2026-00254,Đặng Minh Trang,0986587324,Lazada,1965000,04/08/2026
TRX-2026-00255,LÊ HOÀI PHÚC,0941284143,Website,6214000,07/08/2026
TRX-2026-00256,Ngô Thanh Hải,0996.929.532,Tiki,358000,06/08/2026
TRX-2026-00257,Võ Anh An,0983648999,Cửa Hàng Trực Tiếp,3294000,08/08/2026
TRX-2026-00258,Võ Thành Trang,932806756,TikTok Shop,8489000,05/08/2026
TRX-2026-00259,   đặng ngọc em  ,0979602077,Shopee,2102000,06/08/2026
TRX-2026-00260,ĐẶNG THỊ AN,0955790248,Tiki,5730000,09/08/2026
TRX-2026-00261,Vũ Đức Trang,0975 257 410,Lazada,8091000,06/08/2026
TRX-2026-00262,Dương Quang Hương,0998985458,Website,7139000,08/08/2026
TRX-2026-00263,Bùi Hồng Giang,0959027296,Tiki,1896000,10/08/2026
TRX-2026-00264,Võ Thị Dũng,928486168,Shopee,5191000,07/08/2026
TRX-2026-00265,ĐẶNG HỒNG QUÂN,0994284390,Shopee,2419000,05/08/2026
TRX-2026-00266,   võ thị nam  ,0973500048,Facebook Ads,5424000,06/08/2026
TRX-2026-00267,Đỗ Thị Vinh,0988064576,Facebook Ads,921000,02/08/2026
TRX-2026-00268,Bùi Thanh Sơn,0923698833,Website,5655000,10/08/2026
TRX-2026-00269,Đặng Quang Bình,0948299292,TikTok Shop,1459000,04/08/2026
TRX-2026-00270,LÊ ĐỨC QUÂN,982899475,TikTok Shop,4606000,02/08/2026
TRX-2026-00271,Nguyễn Hồng Giang,0968808553,Tiki,4015000,09/08/2026
TRX-2026-00272,Đặng Thành Khánh,0969.366.473,Tiki,4565000,05/08/2026
TRX-2026-00273,   hồ anh tâm  ,0989461785,Tiki,5833000,03/08/2026
TRX-2026-00274,Đặng Thanh Linh,0969421686,Lazada,766000,04/08/2026
TRX-2026-00079,PHAN ANH QUÂN,0946765436,Facebook Ads,2446000,10/08/2026
TRX-2026-00276,Phạm Quang Giang,998345763,Tiki,4069000,03/08/2026
TRX-2026-00277,Phạm Hoài Em,0922050190,Facebook Ads,8465000,04/08/2026
TRX-2026-00278,Đặng Thành Sơn,0931404546,Facebook Ads,4258000,04/08/2026
TRX-2026-00279,Hồ Anh Phúc,0960 704 336,Website,5977000,07/08/2026
,   đặng thị khánh  ,0978.853.287,Cửa Hàng Trực Tiếp,-500000,08/08/2026
TRX-2026-00281,Hồ Quang Phúc,0991071685,Facebook Ads,4431000,02/08/2026
TRX-2026-00282,Trần Hồng Sơn,996627774,Cửa Hàng Trực Tiếp,2202000,07/08/2026
TRX-2026-00283,Đặng Anh Quân,0963759365,Facebook Ads,6675000,07/08/2026
TRX-2026-00284,Võ Đức Hương,0986858185,Tiki,2213000,06/08/2026
TRX-2026-00285,HỒ QUANG CƯỜNG,0926893920,Cửa Hàng Trực Tiếp,7685000,06/08/2026
TRX-2026-00286,Lê Ngọc Giang,0941102396,TikTok Shop,6651000,08/08/2026
TRX-2026-00287,   phan quang tâm  ,0952650646,Shopee,785000,06/08/2026
TRX-2026-00288,Phạm Hồng Bình,996252426,Tiki,3573000,04/08/2026
TRX-2026-00289,Hoàng Văn Phúc,0911356905,Shopee,2162000,06/08/2026
TRX-2026-00290,TRẦN XUÂN BÌNH,0961527088,Shopee,862000,07/08/2026
TRX-2026-00291,Huỳnh Hoài Nam,0961779482,Shopee,7812000,03/08/2026
TRX-2026-00292,Huỳnh Hoài Linh,0972558437,TikTok Shop,3993000,03/08/2026
TRX-2026-00293,Bùi Minh Em,0914627689,Website,4918000,03/08/2026
TRX-2026-00294,   vũ văn em  ,979275968,TikTok Shop,6360000,01/08/2026
TRX-2026-00295,BÙI NGỌC LINH,0917829080,Cửa Hàng Trực Tiếp,3709000,05/08/2026
TRX-2026-00296,Đặng Văn Linh,0924.786.920,Tiki,3479000,03/08/2026
TRX-2026-00297,Phan Thị Sơn,0997 206 233,Facebook Ads,4936000,04/08/2026
TRX-2026-00298,Bùi Hoài Dũng,0919511370,Shopee,3625000,04/08/2026
TRX-2026-00299,Dương Hồng Vinh,0963072186,Lazada,1420000,01/08/2026
TRX-2026-00281,VÕ MINH UYÊN,999601129,Lazada,0,05/08/2026
TRX-2026-00301,   vũ thanh linh  ,0916530931,TikTok Shop,3588000,09/08/2026
TRX-2026-00302,Trần Văn Khánh,0934923843,Cửa Hàng Trực Tiếp,3576000,03/08/2026
TRX-2026-00303,Nguyễn Thanh Quân,0913880618,Cửa Hàng Trực Tiếp,5181000,01/08/2026
TRX-2026-00304,Đỗ Ngọc Sơn,0947.441.542,Lazada,6330000,04/08/2026
TRX-2026-00305,NGUYỄN THỊ VINH,0975287331,Lazada,6090000,04/08/2026
TRX-2026-00306,Vũ Đức Khánh,936550015,Lazada,4769000,09/08/2026
TRX-2026-00307,Hồ Minh Vinh,0938131380,Lazada,2398000,10/08/2026
TRX-2026-00308,   đỗ anh tâm  ,0973628344,Website,2769000,06/08/2026
TRX-2026-00309,Lê Quang Giang,0915278588,Cửa Hàng Trực Tiếp,2270000,05/08/2026
TRX-2026-00310,BÙI NGỌC CƯỜNG,0933144151,Tiki,7492000,03/08/2026
TRX-2026-00311,Huỳnh Thanh Cường,0982694013,Shopee,6214000,01/08/2026
TRX-2026-00312,Huỳnh Anh Phúc,966534014,Website,1491000,05/08/2026
TRX-2026-00313,Phạm Anh Vinh,0994411802,Shopee,4891000,09/08/2026
TRX-2026-00314,Ngô Ngọc Hương,0933816272,Lazada,1009000,03/08/2026
TRX-2026-00315,   đặng thanh trang  ,0961 596 934,Shopee,2755000,01/08/2026
TRX-2026-00316,Phạm Hoài Giang,0931549833,TikTok Shop,4703000,06/08/2026
TRX-2026-00317,Bùi Hoài Giang,0995274123,Shopee,8193000,02/08/2026
TRX-2026-00318,Võ Hoài Dũng,959419611,Shopee,908000,07/08/2026
TRX-2026-00319,Ngô Xuân Nam,0940790157,Lazada,2498000,08/08/2026
,VŨ ANH UYÊN,0999.503.813,Facebook Ads,2333000,07/08/2026
TRX-2026-00321,Phạm Ngọc Uyên,0969265469,Lazada,8416000,07/08/2026
TRX-2026-00322,   vũ thị nam  ,0997706724,Lazada,7562000,10/08/2026
TRX-2026-00323,Võ Minh Bình,0933393110,Facebook Ads,1142000,09/08/2026
TRX-2026-00324,Phan Thị Giang,974234411,Tiki,675000,06/08/2026
TRX-2026-00117,NGÔ NGỌC SƠN,0936816628,Cửa Hàng Trực Tiếp,1920000,05/08/2026
TRX-2026-00326,Huỳnh Ngọc Phúc,0986221190,Website,4657000,05/08/2026
TRX-2026-00327,Lê Xuân Hương,0927495674,Shopee,6406000,03/08/2026
TRX-2026-00328,Nguyễn Văn Vinh,0978.282.173,TikTok Shop,7077000,04/08/2026
TRX-2026-00329,   nguyễn minh dũng  ,0955912864,Cửa Hàng Trực Tiếp,5274000,02/08/2026
TRX-2026-00330,ĐỖ THỊ NAM,992102069,Shopee,7052000,04/08/2026
TRX-2026-00331,Đặng Hoài Hương,0961937149,Cửa Hàng Trực Tiếp,8238000,05/08/2026
TRX-2026-00332,Võ Anh Trang,0995398182,Shopee,4856000,07/08/2026
TRX-2026-00333,Vũ Đức Sơn,0999 164 031,Cửa Hàng Trực Tiếp,1260000,01/08/2026
TRX-2026-00334,Trần Hoài Linh,0949379947,Tiki,3622000,06/08/2026
TRX-2026-00335,BÙI QUANG PHÚC,0977413709,Cửa Hàng Trực Tiếp,6501000,07/08/2026
TRX-2026-00336,   huỳnh thanh uyên  ,923195776,Shopee,5830000,03/08/2026
TRX-2026-00337,Nguyễn Đức Bình,0963504282,Facebook Ads,469000,02/08/2026
TRX-2026-00338,Hoàng Thị Trang,0951572334,Cửa Hàng Trực Tiếp,4959000,08/08/2026
TRX-2026-00339,Hồ Quang Khánh,0997244050,Website,1131000,05/08/2026
TRX-2026-00340,PHAN QUANG QUÂN,0973518533,Tiki,236000,07/08/2026
TRX-2026-00341,Trần Hồng Cường,0969997959,Website,7112000,10/08/2026
TRX-2026-00342,Ngô Minh Khánh,911588816,Tiki,4176000,04/08/2026
TRX-2026-00343,   hoàng anh cường  ,0966765767,TikTok Shop,3406000,05/08/2026
TRX-2026-00344,Phạm Anh Nam,0921.571.800,Tiki,5133000,09/08/2026
TRX-2026-00345,HỒ VĂN EM,0935164303,Tiki,6305000,02/08/2026
TRX-2026-00346,Huỳnh Ngọc Uyên,0964624891,Cửa Hàng Trực Tiếp,5095000,04/08/2026
TRX-2026-00347,Lê Thành Em,0959915233,Lazada,491000,10/08/2026
TRX-2026-00348,Đặng Thanh Phúc,974387037,Lazada,6394000,05/08/2026
TRX-2026-00349,Dương Anh Linh,0948781642,Facebook Ads,5236000,10/08/2026
TRX-2026-00230,   huỳnh văn phúc  ,0913932364,Cửa Hàng Trực Tiếp,0,01/08/2026
TRX-2026-00351,Nguyễn Hồng Cường,0996 401 603,Tiki,5386000,10/08/2026
TRX-2026-00352,Phan Ngọc Dũng,0980.893.259,Tiki,8442000,01/08/2026
TRX-2026-00353,Dương Anh Giang,0974180368,Facebook Ads,1860000,08/08/2026
TRX-2026-00354,Ngô Ngọc Quân,940959284,Lazada,6484000,03/08/2026
TRX-2026-00355,PHẠM HỒNG AN,0993176728,Tiki,5453000,02/08/2026
TRX-2026-00356,Hồ Thành Phúc,0977233106,Tiki,4994000,06/08/2026
TRX-2026-00357,   đỗ anh cường  ,0968475005,Facebook Ads,6700000,05/08/2026
TRX-2026-00358,Phan Anh Sơn,0939502835,Tiki,1381000,08/08/2026
TRX-2026-00359,Vũ Thanh Tâm,0929158345,Facebook Ads,7231000,08/08/2026
,VÕ QUANG KHÁNH,913940496,Tiki,7501000,02/08/2026
TRX-2026-00361,Dương Văn An,0966629767,Website,2487000,04/08/2026
TRX-2026-00362,Phan Quang An,0969888811,Lazada,4363000,10/08/2026
TRX-2026-00363,Võ Xuân Giang,0940083578,Lazada,4301000,04/08/2026
TRX-2026-00364,   dương minh cường  ,0979334490,Website,6308000,04/08/2026
TRX-2026-00365,NGÔ ANH TÂM,0940841416,TikTok Shop,4185000,10/08/2026
TRX-2026-00366,Đỗ Hồng Bình,916963496,Facebook Ads,3779000,03/08/2026
TRX-2026-00367,Bùi Xuân Trang,0930283811,TikTok Shop,5074000,04/08/2026
TRX-2026-00368,Ngô Văn Nam,0910.142.829,Tiki,5154000,04/08/2026
TRX-2026-00369,Ngô Minh Phúc,0959 070 095,Lazada,1463000,03/08/2026
TRX-2026-00370,VŨ HỒNG GIANG,0960811747,Cửa Hàng Trực Tiếp,4742000,01/08/2026
TRX-2026-00371,   vũ xuân trang  ,0994762784,Lazada,2124000,10/08/2026
TRX-2026-00372,Lê Hoài Nam,992408488,Website,3591000,08/08/2026
TRX-2026-00373,Đỗ Văn Nam,0973666855,Website,5900000,06/08/2026
TRX-2026-00374,Lê Anh Linh,0957386661,Cửa Hàng Trực Tiếp,4939000,07/08/2026
TRX-2026-00213,HUỲNH VĂN HƯƠNG,0948309729,Website,7588000,08/08/2026
TRX-2026-00376,Nguyễn Xuân Linh,0968.679.100,Cửa Hàng Trực Tiếp,7078000,08/08/2026
TRX-2026-00377,Vũ Hoài Uyên,0938838040,Facebook Ads,7881000,01/08/2026
TRX-2026-00378,   phạm văn bình  ,922876718,Shopee,8348000,06/08/2026
TRX-2026-00379,Lê Thanh An,0957388555,Lazada,7398000,08/08/2026
TRX-2026-00380,HỒ ĐỨC AN,0984858408,Tiki,5523000,03/08/2026
TRX-2026-00381,Đặng Hồng Phúc,0921226438,Shopee,1950000,02/08/2026
TRX-2026-00382,Huỳnh Thị Khánh,0915167049,TikTok Shop,6275000,10/08/2026
TRX-2026-00383,Vũ Văn An,0957057772,Tiki,2185000,03/08/2026
TRX-2026-00384,Huỳnh Xuân Giang,993080283,Facebook Ads,5345000,04/08/2026
TRX-2026-00385,   ngô hồng vinh  ,0954469846,Facebook Ads,3227000,04/08/2026
TRX-2026-00386,Đỗ Minh Phúc,0982800964,Tiki,6447000,08/08/2026
TRX-2026-00387,Phạm Thành Giang,0927 413 297,Shopee,8045000,03/08/2026
TRX-2026-00388,Lê Thị Trang,0948357482,Facebook Ads,2298000,03/08/2026
TRX-2026-00389,Võ Minh An,0929284262,TikTok Shop,2668000,10/08/2026
TRX-2026-00390,PHAN THỊ VINH,934818067,Tiki,1730000,08/08/2026
TRX-2026-00391,Ngô Quang Bình,0987555302,Shopee,550000,03/08/2026
TRX-2026-00392,   hoàng thanh trang  ,0920.732.262,Website,8207000,07/08/2026
TRX-2026-00393,Hồ Thành Tâm,0939643035,Website,5807000,03/08/2026
TRX-2026-00394,Huỳnh Thanh Vinh,0967150978,Cửa Hàng Trực Tiếp,1032000,10/08/2026
TRX-2026-00395,ĐẶNG THỊ LINH,0961809433,Lazada,4316000,04/08/2026
TRX-2026-00396,Trần Quang Vinh,913524395,Website,3852000,02/08/2026
TRX-2026-00397,Ngô Ngọc Uyên,0931907487,Tiki,977000,08/08/2026
TRX-2026-00398,Đỗ Quang Bình,0952024846,Shopee,1655000,09/08/2026
TRX-2026-00399,   đỗ hồng giang  ,0998408611,TikTok Shop,4760000,01/08/2026
,BÙI XUÂN UYÊN,0932.147.677,Shopee,0,10/08/2026
TRX-2026-00401,Lê Hồng Dũng,0932785757,Lazada,871000,08/08/2026
TRX-2026-00402,Hoàng Thanh Em,988035822,Tiki,5234000,02/08/2026
TRX-2026-00403,Hồ Thị Nam,0983913128,Website,2270000,06/08/2026
TRX-2026-00404,Huỳnh Thành Phúc,0949488893,Facebook Ads,4398000,01/08/2026
TRX-2026-00405,HỒ HỒNG EM,0971 809 376,Tiki,6085000,09/08/2026
TRX-2026-00406,   huỳnh thị khánh  ,0914867388,Shopee,4697000,08/08/2026
TRX-2026-00407,Bùi Thành Dũng,0927414908,Facebook Ads,5342000,08/08/2026
TRX-2026-00408,Hồ Hồng Uyên,926304716,Facebook Ads,3405000,03/08/2026
TRX-2026-00409,Nguyễn Văn Nam,0933311777,Shopee,8405000,04/08/2026
TRX-2026-00410,DƯƠNG QUANG UYÊN,0994587478,Website,6815000,01/08/2026
TRX-2026-00411,Vũ Minh Tâm,0970111596,Lazada,737000,09/08/2026
TRX-2026-00412,Vũ Văn Khánh,0966567094,Cửa Hàng Trực Tiếp,7784000,04/08/2026
TRX-2026-00413,   lê thị nam  ,0958043490,TikTok Shop,3151000,02/08/2026
TRX-2026-00414,Trần Văn Khánh,914360031,Shopee,3612000,04/08/2026
TRX-2026-00415,HOÀNG THÀNH TÂM,0922501370,TikTok Shop,1290000,05/08/2026
TRX-2026-00416,Bùi Anh Hương,0977.695.652,Website,1212000,07/08/2026
TRX-2026-00417,Ngô Văn Khánh,0993543278,Cửa Hàng Trực Tiếp,7463000,02/08/2026
TRX-2026-00418,Đặng Quang Hải,0937798391,Shopee,806000,08/08/2026
TRX-2026-00419,Vũ Hồng Trang,0950626197,Tiki,5741000,07/08/2026
TRX-2026-00420,   trần văn giang  ,966130656,Tiki,-500000,10/08/2026
TRX-2026-00421,Phan Anh Cường,0962246102,Tiki,3387000,04/08/2026
TRX-2026-00422,Dương Ngọc Nam,0969579875,Lazada,7094000,03/08/2026
TRX-2026-00423,Đặng Anh Vinh,0969 550 558,Website,7534000,02/08/2026
TRX-2026-00424,Đặng Thị Vinh,0972.105.894,Cửa Hàng Trực Tiếp,4691000,06/08/2026
TRX-2026-00164,VŨ HOÀI TÂM,0916202577,Website,1534000,02/08/2026
TRX-2026-00426,Hoàng Thanh Hải,979963167,Shopee,4124000,09/08/2026
TRX-2026-00427,   đặng minh quân  ,0994784658,Website,3373000,06/08/2026
TRX-2026-00428,Hồ Thành Sơn,0917697792,TikTok Shop,1541000,08/08/2026
TRX-2026-00429,Hồ Thị Dũng,0929689612,Website,171000,06/08/2026
TRX-2026-00430,HUỲNH VĂN NAM,0992300002,Lazada,842000,09/08/2026
TRX-2026-00431,Bùi Hồng Linh,0932679951,Facebook Ads,5403000,03/08/2026
TRX-2026-00432,Huỳnh Thị Uyên,945778764,Website,2020000,07/08/2026
TRX-2026-00433,Đỗ Hoài Linh,0945081248,TikTok Shop,3366000,01/08/2026
TRX-2026-00434,   bùi thị giang  ,0945681731,Cửa Hàng Trực Tiếp,3054000,06/08/2026
TRX-2026-00435,ĐẶNG VĂN BÌNH,0928881147,TikTok Shop,2506000,02/08/2026
TRX-2026-00436,Hồ Văn Nam,0958347095,Lazada,318000,04/08/2026
TRX-2026-00437,Ngô Anh Tâm,0910654496,TikTok Shop,7879000,06/08/2026
TRX-2026-00438,Hoàng Minh Hải,974801934,Website,323000,02/08/2026
TRX-2026-00439,Huỳnh Quang An,0954971846,Lazada,1509000,07/08/2026
,PHẠM VĂN QUÂN,0926.072.997,Cửa Hàng Trực Tiếp,1631000,08/08/2026
TRX-2026-00441,   trần quang tâm  ,0993 636 361,Tiki,4355000,03/08/2026
TRX-2026-00442,Đặng Hồng Khánh,0997733024,Tiki,7292000,07/08/2026
TRX-2026-00443,Hoàng Quang Giang,0939449563,Shopee,7142000,06/08/2026
TRX-2026-00444,Phạm Minh Khánh,910405159,Lazada,8072000,03/08/2026
TRX-2026-00445,LÊ HOÀI TRANG,0960311569,Facebook Ads,6853000,01/08/2026
TRX-2026-00446,Dương Ngọc Dũng,0962390326,Website,1263000,04/08/2026
TRX-2026-00447,Lê Thanh Linh,0923986764,Shopee,1638000,01/08/2026
TRX-2026-00448,   phan thành dũng  ,0926.111.011,Shopee,901000,08/08/2026
TRX-2026-00449,Phạm Minh Phúc,0915255728,Cửa Hàng Trực Tiếp,3510000,07/08/2026
TRX-2026-00158,HUỲNH VĂN HƯƠNG,979238169,Tiki,0,09/08/2026
TRX-2026-00451,Hoàng Quang Bình,0935830075,Website,3795000,08/08/2026
TRX-2026-00452,Huỳnh Thị Hương,0968297210,Facebook Ads,6251000,05/08/2026
TRX-2026-00453,Dương Thanh Vinh,0982478692,TikTok Shop,8348000,08/08/2026
TRX-2026-00454,Bùi Hồng Cường,0990561360,Facebook Ads,5715000,02/08/2026
TRX-2026-00455,   hoàng minh giang  ,0913286709,Cửa Hàng Trực Tiếp,6705000,05/08/2026
TRX-2026-00456,Lê Thị Vinh,976331900,Lazada,6988000,03/08/2026
TRX-2026-00457,Dương Thanh Trang,0980630107,Lazada,3716000,05/08/2026
TRX-2026-00458,Lê Đức Trang,0983301149,Website,5242000,08/08/2026
TRX-2026-00459,Ngô Hoài Nam,0970 908 109,Website,4559000,03/08/2026
TRX-2026-00460,ĐỖ ANH DŨNG,0953143784,Facebook Ads,2146000,06/08/2026
TRX-2026-00461,Đỗ Hoài Linh,0914047712,Facebook Ads,1474000,06/08/2026
TRX-2026-00462,   phạm hồng quân  ,944635436,Facebook Ads,2673000,08/08/2026
TRX-2026-00463,Huỳnh Hoài Linh,0989559120,Website,3670000,01/08/2026
TRX-2026-00464,Dương Thanh Khánh,0959.901.784,Website,6330000,05/08/2026
TRX-2026-00465,PHẠM XUÂN SƠN,0959818576,Tiki,4235000,08/08/2026
TRX-2026-00466,Huỳnh Đức Sơn,0922483061,Cửa Hàng Trực Tiếp,3949000,06/08/2026
TRX-2026-00467,Đặng Hồng Vinh,0928898521,Lazada,3711000,02/08/2026
TRX-2026-00468,Huỳnh Ngọc Dũng,969533440,Cửa Hàng Trực Tiếp,7228000,06/08/2026
TRX-2026-00469,   đặng quang em  ,0971525049,Cửa Hàng Trực Tiếp,1914000,03/08/2026
TRX-2026-00470,DƯƠNG QUANG AN,0948826178,Cửa Hàng Trực Tiếp,7692000,09/08/2026
TRX-2026-00471,Bùi Quang Phúc,0983102237,Cửa Hàng Trực Tiếp,5929000,02/08/2026
TRX-2026-00472,Nguyễn Văn Linh,0941.075.026,Lazada,6957000,01/08/2026
TRX-2026-00473,Nguyễn Thanh Hải,0991906302,Cửa Hàng Trực Tiếp,6448000,05/08/2026
TRX-2026-00474,Lê Văn Linh,984673292,Facebook Ads,6684000,01/08/2026
TRX-2026-00219,NGUYỄN NGỌC AN,0993525025,Facebook Ads,1327000,07/08/2026
TRX-2026-00476,   hoàng ngọc dũng  ,0966960987,Shopee,2757000,01/08/2026
TRX-2026-00477,Phan Văn Hải,0946 289 862,Cửa Hàng Trực Tiếp,7620000,03/08/2026
TRX-2026-00478,Ngô Minh Nam,0925768373,Website,4521000,04/08/2026
TRX-2026-00479,Hồ Đức Cường,0980389279,Cửa Hàng Trực Tiếp,6910000,07/08/2026
,ĐẶNG VĂN BÌNH,915750392,Lazada,3804000,10/08/2026
TRX-2026-00481,Hoàng Hoài Bình,0948204730,Shopee,7696000,08/08/2026
TRX-2026-00482,Hồ Văn Khánh,0966189877,Facebook Ads,8052000,04/08/2026
TRX-2026-00483,   lê xuân uyên  ,0955074547,Shopee,4600000,08/08/2026
TRX-2026-00484,Lê Thành An,0929258216,Shopee,6010000,07/08/2026
TRX-2026-00485,HỒ VĂN CƯỜNG,0963649786,TikTok Shop,2423000,06/08/2026
TRX-2026-00486,Bùi Xuân Bình,924867033,Tiki,7901000,05/08/2026
TRX-2026-00487,Bùi Thị Cường,0952823591,Shopee,2838000,09/08/2026
TRX-2026-00488,Huỳnh Đức Trang,0949.427.510,Facebook Ads,8280000,08/08/2026
TRX-2026-00489,Đặng Hoài Vinh,0920113193,Cửa Hàng Trực Tiếp,948000,01/08/2026
TRX-2026-00490,   bùi hồng em  ,0959598168,Cửa Hàng Trực Tiếp,-500000,02/08/2026
TRX-2026-00491,Bùi Anh Uyên,0969770029,Shopee,8444000,05/08/2026
TRX-2026-00492,Vũ Văn Linh,997576481,Tiki,7526000,10/08/2026
TRX-2026-00493,Phan Văn Cường,0912205260,Facebook Ads,1498000,09/08/2026
TRX-2026-00494,Đặng Minh Phúc,0919625785,Tiki,3113000,05/08/2026
TRX-2026-00495,TRẦN VĂN KHÁNH,0918 934 687,Website,6222000,01/08/2026
TRX-2026-00496,Nguyễn Đức Sơn,0938.851.894,Facebook Ads,188000,07/08/2026
TRX-2026-00497,   ngô minh hương  ,0947031486,Website,7680000,07/08/2026
TRX-2026-00498,Đặng Xuân Quân,936902219,TikTok Shop,2212000,10/08/2026
TRX-2026-00499,Võ Anh Giang,0962542013,Lazada,3985000,05/08/2026
TRX-2026-00265,PHAN THANH TRANG,0985589011,Facebook Ads,0,09/08/2026
TRX-2026-00501,Võ Thành Vinh,0979083435,Cửa Hàng Trực Tiếp,4940000,03/08/2026
TRX-2026-00502,Nguyễn Hoài Hải,0967363385,Lazada,3791000,08/08/2026
TRX-2026-00503,Lê Hoài Giang,0967787764,Website,5436000,09/08/2026
TRX-2026-00504,   ngô đức em  ,987717628,Website,906000,09/08/2026
TRX-2026-00505,HOÀNG ANH GIANG,0996883818,Shopee,2415000,08/08/2026
TRX-2026-00506,Đỗ Đức Trang,0968288044,Facebook Ads,6465000,04/08/2026
TRX-2026-00507,Phạm Quang Khánh,0933831496,TikTok Shop,2972000,02/08/2026
TRX-2026-00508,Phan Minh Vinh,0952288592,TikTok Shop,1081000,08/08/2026
TRX-2026-00509,Dương Đức Trang,0958036608,Facebook Ads,5761000,01/08/2026
TRX-2026-00510,ĐẶNG HỒNG UYÊN,940911609,Facebook Ads,4565000,10/08/2026
TRX-2026-00511,   ngô minh tâm  ,0992616535,Cửa Hàng Trực Tiếp,4672000,07/08/2026
TRX-2026-00512,Đặng Quang Bình,0953.053.697,TikTok Shop,5270000,04/08/2026
TRX-2026-00513,Hồ Văn Uyên,0925 269 890,TikTok Shop,6447000,10/08/2026
TRX-2026-00514,Hoàng Đức Em,0921142958,Website,8453000,07/08/2026
TRX-2026-00515,HUỲNH ĐỨC CƯỜNG,0920769699,Facebook Ads,3487000,03/08/2026
TRX-2026-00516,Đặng Minh Cường,982174366,Facebook Ads,4958000,04/08/2026
TRX-2026-00517,Hoàng Xuân Vinh,0975176941,Cửa Hàng Trực Tiếp,2733000,02/08/2026
TRX-2026-00518,   trần thành sơn  ,0957243801,Tiki,2244000,10/08/2026
TRX-2026-00519,Phạm Xuân Vinh,0910540260,Lazada,4764000,04/08/2026
,PHẠM QUANG TRANG,0999.921.517,Tiki,3761000,06/08/2026
TRX-2026-00521,Phan Hồng Linh,0985277308,Tiki,5045000,06/08/2026
TRX-2026-00522,Phạm Thành Tâm,964392283,TikTok Shop,613000,01/08/2026
TRX-2026-00523,Phạm Hoài Linh,0961681050,Tiki,7318000,03/08/2026
TRX-2026-00524,Hồ Hoài Dũng,0991972947,Cửa Hàng Trực Tiếp,2353000,06/08/2026
TRX-2026-00082,   hồ thanh hải  ,0968283160,Lazada,3299000,10/08/2026
TRX-2026-00526,Hồ Hồng Dũng,0943632738,TikTok Shop,1678000,05/08/2026
TRX-2026-00527,Hồ Đức An,0946660722,Facebook Ads,8163000,06/08/2026
TRX-2026-00528,Lê Xuân Cường,943203920,Website,855000,03/08/2026
TRX-2026-00529,Huỳnh Xuân Nam,0996101956,Tiki,1018000,09/08/2026
TRX-2026-00530,HỒ QUANG GIANG,0955807692,Website,2806000,09/08/2026
TRX-2026-00531,Phan Ngọc Em,0925 075 368,Lazada,3849000,08/08/2026
TRX-2026-00532,   phạm đức quân  ,0986882584,Cửa Hàng Trực Tiếp,448000,04/08/2026
TRX-2026-00533,Hoàng Anh Giang,0980459940,Facebook Ads,1189000,10/08/2026
TRX-2026-00534,Ngô Hoài Hải,933934612,Facebook Ads,7424000,08/08/2026
TRX-2026-00535,NGÔ THỊ LINH,0960192332,Website,4445000,07/08/2026
TRX-2026-00536,Huỳnh Anh Quân,0973.606.323,Lazada,6326000,05/08/2026
TRX-2026-00537,Nguyễn Minh Khánh,0966347465,TikTok Shop,5890000,06/08/2026
TRX-2026-00538,Trần Thị Bình,0934629436,Website,5169000,02/08/2026
TRX-2026-00539,   ngô thanh quân  ,0924201535,Cửa Hàng Trực Tiếp,8020000,03/08/2026
TRX-2026-00540,VŨ HỒNG CƯỜNG,969899105,Tiki,3353000,08/08/2026
TRX-2026-00541,Dương Minh Cường,0991230468,Tiki,4782000,01/08/2026
TRX-2026-00542,Đỗ Văn Tâm,0911268506,Lazada,2052000,09/08/2026
TRX-2026-00543,Phan Thành Vinh,0949970121,Shopee,1172000,03/08/2026
TRX-2026-00544,Nguyễn Quang Bình,0978.573.443,Facebook Ads,7174000,09/08/2026
TRX-2026-00545,HOÀNG HOÀI LINH,0940087902,Tiki,1410000,01/08/2026
TRX-2026-00546,   lê thị nam  ,995413095,Lazada,7214000,09/08/2026
TRX-2026-00547,Trần Văn Cường,0930439911,Cửa Hàng Trực Tiếp,6012000,05/08/2026
TRX-2026-00548,Ngô Xuân Giang,0918401337,Lazada,1298000,05/08/2026
TRX-2026-00549,Dương Thành Hương,0941 782 569,Shopee,4658000,08/08/2026
TRX-2026-00029,VÕ THÀNH UYÊN,0918828916,Tiki,0,10/08/2026
TRX-2026-00551,Võ Hồng An,0987868322,Lazada,7863000,05/08/2026
TRX-2026-00552,Đỗ Thị Trang,920752617,Website,8491000,07/08/2026
TRX-2026-00553,   lê xuân dũng  ,0948083533,Website,2421000,06/08/2026
TRX-2026-00554,Phan Ngọc Hải,0920534530,Cửa Hàng Trực Tiếp,3155000,10/08/2026
TRX-2026-00555,DƯƠNG THANH HẢI,0989999015,TikTok Shop,7502000,06/08/2026
TRX-2026-00556,Phan Thành Khánh,0963455034,Facebook Ads,8048000,06/08/2026
TRX-2026-00557,Đỗ Minh Hải,0910031284,Lazada,3729000,05/08/2026
TRX-2026-00558,Đỗ Xuân Dũng,916720689,Cửa Hàng Trực Tiếp,2848000,09/08/2026
TRX-2026-00559,Đỗ Hồng Dũng,0971647005,Tiki,5226000,10/08/2026
,   hồ văn cường  ,0950.647.083,Tiki,-500000,10/08/2026
TRX-2026-00561,Đặng Thành Quân,0994325107,Website,8267000,08/08/2026
TRX-2026-00562,Ngô Ngọc Vinh,0954559046,Lazada,5958000,04/08/2026
TRX-2026-00563,Trần Thanh Tâm,0931291806,Facebook Ads,2994000,10/08/2026
TRX-2026-00564,Đặng Thành Hương,935512699,Website,7543000,10/08/2026
TRX-2026-00565,ĐẶNG QUANG NAM,0966434678,Lazada,1435000,02/08/2026
TRX-2026-00566,Hoàng Ngọc Phúc,0977285727,TikTok Shop,923000,06/08/2026
TRX-2026-00567,   đặng minh phúc  ,0967 241 086,Website,7095000,09/08/2026
TRX-2026-00568,Dương Ngọc Vinh,0927.211.815,TikTok Shop,6007000,08/08/2026
TRX-2026-00569,Hồ Thanh Quân,0977531341,Shopee,8168000,05/08/2026
TRX-2026-00570,NGÔ THỊ HẢI,997299117,Facebook Ads,6758000,05/08/2026
TRX-2026-00571,Vũ Anh Hương,0962016430,Lazada,2495000,04/08/2026
TRX-2026-00572,Nguyễn Văn Tâm,0953889271,TikTok Shop,1236000,04/08/2026
TRX-2026-00573,Võ Minh Nam,0998889029,Shopee,3095000,05/08/2026
TRX-2026-00574,   bùi hoài vinh  ,0965565871,TikTok Shop,870000,07/08/2026
TRX-2026-00307,HUỲNH MINH AN,0962840971,Tiki,8305000,09/08/2026
TRX-2026-00576,Huỳnh Minh Vinh,971848096,TikTok Shop,5310000,10/08/2026
TRX-2026-00577,Lê Văn Hương,0988412179,Shopee,4563000,07/08/2026
TRX-2026-00578,Dương Văn Hải,0985917264,Cửa Hàng Trực Tiếp,8011000,05/08/2026
TRX-2026-00579,Phan Anh Hương,0983092615,Tiki,3249000,04/08/2026
TRX-2026-00580,DƯƠNG XUÂN NAM,0986388095,Website,6921000,05/08/2026
TRX-2026-00581,   võ ngọc khánh  ,0996570061,Cửa Hàng Trực Tiếp,298000,06/08/2026
TRX-2026-00582,Nguyễn Hoài Cường,986326589,Website,832000,01/08/2026
TRX-2026-00583,Lê Văn An,0921275918,Lazada,6977000,09/08/2026
TRX-2026-00584,Phạm Thanh Dũng,0974.758.609,Tiki,3556000,08/08/2026
TRX-2026-00585,VÕ THỊ VINH,0970 238 245,TikTok Shop,6272000,08/08/2026
TRX-2026-00586,Phan Đức Sơn,0931418194,Shopee,5779000,03/08/2026
TRX-2026-00587,Phan Thị Bình,0943493466,Website,2808000,03/08/2026
TRX-2026-00588,   phạm xuân quân  ,994019207,Facebook Ads,3362000,07/08/2026
TRX-2026-00589,Hồ Ngọc Quân,0931693697,Shopee,4310000,05/08/2026
TRX-2026-00590,NGÔ THÀNH CƯỜNG,0923842604,Cửa Hàng Trực Tiếp,5760000,05/08/2026
TRX-2026-00591,Nguyễn Quang An,0952543033,Lazada,8261000,01/08/2026
TRX-2026-00592,Đỗ Thị Quân,0939.494.321,Cửa Hàng Trực Tiếp,1680000,08/08/2026
TRX-2026-00593,Phan Thanh Vinh,0912964799,Shopee,2844000,05/08/2026
TRX-2026-00594,Nguyễn Hoài Phúc,913710755,Website,2651000,10/08/2026
TRX-2026-00595,   đặng xuân dũng  ,0936114925,Tiki,8295000,09/08/2026
TRX-2026-00596,Dương Hoài Phúc,0993204115,Website,8317000,07/08/2026
TRX-2026-00597,Phạm Ngọc Tâm,0927529936,Tiki,3654000,06/08/2026
TRX-2026-00598,Trần Xuân Cường,0969520081,Shopee,512000,02/08/2026
TRX-2026-00599,Đặng Hồng Em,0995266925,TikTok Shop,2157000,07/08/2026
,ĐẶNG XUÂN TRANG,964169883,TikTok Shop,0,08/08/2026
TRX-2026-00601,Đặng Văn An,0967636464,Website,6581000,01/08/2026
TRX-2026-00602,   đặng anh sơn  ,0979869894,Shopee,3233000,10/08/2026
TRX-2026-00603,Nguyễn Thanh Phúc,0971 934 175,TikTok Shop,2819000,03/08/2026
TRX-2026-00604,Đặng Minh Uyên,0954718154,Facebook Ads,8329000,07/08/2026
TRX-2026-00605,ĐỖ XUÂN KHÁNH,0914949760,Shopee,7613000,05/08/2026
TRX-2026-00606,Hồ Anh Vinh,983994742,TikTok Shop,4338000,03/08/2026
TRX-2026-00607,Lê Quang Phúc,0983513901,Lazada,8087000,02/08/2026
TRX-2026-00608,Đặng Anh Trang,0992.690.175,TikTok Shop,6070000,06/08/2026
TRX-2026-00609,   phan đức an  ,0951195961,TikTok Shop,3880000,08/08/2026
TRX-2026-00610,BÙI QUANG NAM,0910993445,Facebook Ads,5562000,10/08/2026
TRX-2026-00611,Huỳnh Thị Vinh,0982662095,TikTok Shop,867000,06/08/2026
TRX-2026-00612,Hồ Thành Phúc,968806189,Tiki,8090000,09/08/2026
TRX-2026-00613,Dương Thị Dũng,0912494276,Cửa Hàng Trực Tiếp,3377000,04/08/2026
TRX-2026-00614,Võ Thị Hải,0914710800,Tiki,7938000,07/08/2026
TRX-2026-00615,DƯƠNG HỒNG BÌNH,0981073838,Lazada,7371000,03/08/2026
TRX-2026-00616,   ngô minh tâm  ,0951.508.165,Shopee,4058000,10/08/2026
TRX-2026-00617,Ngô Ngọc Quân,0991810587,Shopee,7058000,03/08/2026
TRX-2026-00618,Lê Xuân Vinh,992853372,Shopee,2736000,10/08/2026
TRX-2026-00619,Vũ Anh Hương,0941756384,Cửa Hàng Trực Tiếp,814000,10/08/2026
TRX-2026-00620,ĐẶNG VĂN AN,0957937034,Website,6266000,04/08/2026
TRX-2026-00621,Dương Văn Uyên,0930 300 212,TikTok Shop,8104000,07/08/2026
TRX-2026-00622,Huỳnh Ngọc Phúc,0923255796,Website,2607000,01/08/2026
TRX-2026-00623,   vũ hồng nam  ,0980363135,TikTok Shop,289000,04/08/2026
TRX-2026-00624,Hoàng Xuân Cường,934932707,Cửa Hàng Trực Tiếp,2763000,10/08/2026
TRX-2026-00237,NGUYỄN ĐỨC KHÁNH,0985961647,Facebook Ads,1761000,05/08/2026
TRX-2026-00626,Ngô Quang Phúc,0969010016,Cửa Hàng Trực Tiếp,4699000,10/08/2026
TRX-2026-00627,Hồ Thị Hải,0990629044,Tiki,6742000,05/08/2026
TRX-2026-00628,Bùi Xuân Vinh,0993923659,Shopee,3325000,06/08/2026
TRX-2026-00629,Bùi Minh Uyên,0923942197,Facebook Ads,3530000,01/08/2026
TRX-2026-00630,   đặng hoài linh  ,966279391,Website,-500000,08/08/2026
TRX-2026-00631,Lê Anh Giang,0986566378,Shopee,8057000,07/08/2026
TRX-2026-00632,Dương Minh Quân,0957.229.679,Tiki,6354000,01/08/2026
TRX-2026-00633,Dương Anh Quân,0934822427,Lazada,5607000,10/08/2026
TRX-2026-00634,Đỗ Thành Hương,0991872999,Cửa Hàng Trực Tiếp,885000,06/08/2026
TRX-2026-00635,VŨ XUÂN GIANG,0962742692,Lazada,5627000,10/08/2026
TRX-2026-00636,Trần Xuân Dũng,955780063,Lazada,4917000,05/08/2026
TRX-2026-00637,   đặng ngọc cường  ,0977330402,TikTok Shop,7582000,09/08/2026
TRX-2026-00638,Nguyễn Quang Quân,0950985603,Cửa Hàng Trực Tiếp,6003000,07/08/2026
TRX-2026-00639,Vũ Quang Giang,0983 113 796,Facebook Ads,5879000,02/08/2026
,ĐẶNG QUANG KHÁNH,0933.537.607,TikTok Shop,2068000,01/08/2026
TRX-2026-00641,Ngô Thị An,0944950997,Facebook Ads,1581000,02/08/2026
TRX-2026-00642,Phạm Ngọc Hải,972178705,Lazada,2327000,05/08/2026
TRX-2026-00643,Nguyễn Hồng Hải,0939957095,TikTok Shop,6334000,06/08/2026
TRX-2026-00644,   đặng thành trang  ,0969620675,Cửa Hàng Trực Tiếp,1109000,09/08/2026
TRX-2026-00645,HUỲNH VĂN GIANG,0985087626,Facebook Ads,8328000,03/08/2026
TRX-2026-00646,Hồ Thị Em,0999123303,Facebook Ads,6773000,03/08/2026
TRX-2026-00647,Ngô Quang Phúc,0917066645,Cửa Hàng Trực Tiếp,1946000,06/08/2026
TRX-2026-00648,Phạm Ngọc Hải,975604747,Lazada,2250000,09/08/2026
TRX-2026-00649,Nguyễn Anh Vinh,0931431439,TikTok Shop,7777000,09/08/2026
TRX-2026-00631,PHẠM VĂN DŨNG,0944309872,TikTok Shop,0,01/08/2026
TRX-2026-00651,   phan đức hương  ,0985321790,Facebook Ads,232000,06/08/2026
TRX-2026-00652,Vũ Đức An,0928235271,Website,5004000,10/08/2026
TRX-2026-00653,Dương Đức Vinh,0987308333,Website,4238000,03/08/2026
TRX-2026-00654,Huỳnh Anh Cường,963056845,Shopee,4777000,05/08/2026
TRX-2026-00655,ĐỖ XUÂN HƯƠNG,0947538597,TikTok Shop,4361000,10/08/2026
TRX-2026-00656,Dương Minh Hương,0956.847.905,Facebook Ads,4264000,05/08/2026
TRX-2026-00657,Bùi Quang Phúc,0920 958 952,Shopee,2892000,05/08/2026
TRX-2026-00658,   phan hồng hương  ,0957231690,Website,6403000,10/08/2026
TRX-2026-00659,Bùi Văn Hương,0994886363,TikTok Shop,1241000,01/08/2026
TRX-2026-00660,ĐỖ XUÂN KHÁNH,937126088,Lazada,6024000,10/08/2026
TRX-2026-00661,Nguyễn Thị Tâm,0931519372,Tiki,4949000,10/08/2026
TRX-2026-00662,Nguyễn Ngọc An,0966376907,Cửa Hàng Trực Tiếp,6936000,01/08/2026
TRX-2026-00663,Huỳnh Thị Giang,0996554446,Cửa Hàng Trực Tiếp,7023000,05/08/2026
TRX-2026-00664,Đặng Hồng Uyên,0927.959.413,Shopee,900000,04/08/2026
TRX-2026-00665,   vũ anh dũng  ,0926879683,TikTok Shop,5073000,10/08/2026
TRX-2026-00666,Đỗ Quang Bình,933592797,TikTok Shop,3250000,07/08/2026
TRX-2026-00667,Bùi Thành Sơn,0956535572,Tiki,526000,02/08/2026
TRX-2026-00668,Trần Quang Hương,0913519398,Lazada,4736000,09/08/2026
TRX-2026-00669,Hồ Quang Nam,0922871575,Cửa Hàng Trực Tiếp,3902000,10/08/2026
TRX-2026-00670,LÊ THỊ HẢI,0980629269,TikTok Shop,5060000,02/08/2026
TRX-2026-00671,Phạm Anh Hương,0996268790,TikTok Shop,2067000,10/08/2026
TRX-2026-00672,   đặng anh nam  ,972503718,Facebook Ads,848000,06/08/2026
TRX-2026-00673,Trần Anh Phúc,0929063138,Lazada,7612000,02/08/2026
TRX-2026-00674,Phạm Hoài Dũng,0963161574,TikTok Shop,3414000,10/08/2026
TRX-2026-00347,PHẠM MINH AN,0920 169 767,Lazada,4871000,06/08/2026
TRX-2026-00676,Bùi Văn Bình,0950433462,Cửa Hàng Trực Tiếp,536000,10/08/2026
TRX-2026-00677,Dương Ngọc An,0954257537,Website,6368000,02/08/2026
TRX-2026-00678,Bùi Minh Uyên,940222824,Shopee,178000,10/08/2026
TRX-2026-00679,   phạm thị nam  ,0996255347,TikTok Shop,239000,04/08/2026
,PHAN QUANG CƯỜNG,0990.870.721,Cửa Hàng Trực Tiếp,3194000,08/08/2026
TRX-2026-00681,Đặng Đức Vinh,0940533632,Tiki,1481000,10/08/2026
TRX-2026-00682,Hồ Thành Hương,0950689883,Lazada,6299000,10/08/2026
TRX-2026-00683,Võ Xuân Vinh,0959507359,Tiki,492000,02/08/2026
TRX-2026-00684,Đỗ Thành Vinh,999128154,Website,5599000,06/08/2026
TRX-2026-00685,PHAN ĐỨC VINH,0932421723,Cửa Hàng Trực Tiếp,1863000,06/08/2026
TRX-2026-00686,   đặng hoài quân  ,0936500456,Website,155000,09/08/2026
TRX-2026-00687,Huỳnh Anh Em,0958442259,Tiki,3892000,06/08/2026
TRX-2026-00688,Đặng Thị Trang,0937.233.766,Lazada,7745000,01/08/2026
TRX-2026-00689,Bùi Hoài Hương,0934839527,Facebook Ads,3712000,09/08/2026
TRX-2026-00690,VÕ THÀNH TÂM,928198841,Cửa Hàng Trực Tiếp,2908000,03/08/2026
TRX-2026-00691,Phan Thị Dũng,0913864911,Facebook Ads,1636000,03/08/2026
TRX-2026-00692,Phan Hoài Bình,0999136211,Tiki,4172000,05/08/2026
TRX-2026-00693,   đỗ quang phúc  ,0958 208 680,TikTok Shop,3415000,06/08/2026
TRX-2026-00694,Hoàng Xuân Nam,0924409830,Tiki,4949000,03/08/2026
TRX-2026-00695,DƯƠNG THỊ HẢI,0927209273,Tiki,1666000,07/08/2026
TRX-2026-00696,Phan Văn Uyên,986791813,Cửa Hàng Trực Tiếp,5514000,03/08/2026
TRX-2026-00697,Huỳnh Văn Sơn,0978436944,TikTok Shop,2329000,08/08/2026
TRX-2026-00698,Vũ Anh Linh,0976424945,Shopee,8126000,04/08/2026
TRX-2026-00699,Trần Thành Cường,0919863976,Facebook Ads,5853000,09/08/2026
TRX-2026-00387,   hoàng hồng khánh  ,0917079868,Facebook Ads,0,05/08/2026
TRX-2026-00701,Huỳnh Thành Quân,0969869151,Cửa Hàng Trực Tiếp,2994000,03/08/2026
TRX-2026-00702,Đỗ Quang Giang,939980365,TikTok Shop,7470000,07/08/2026
TRX-2026-00703,Trần Thành Hương,0948972106,Website,7514000,03/08/2026
TRX-2026-00704,Phan Thanh Dũng,0984.709.589,TikTok Shop,349000,05/08/2026
TRX-2026-00705,NGUYỄN ĐỨC PHÚC,0938642783,Facebook Ads,3832000,03/08/2026
TRX-2026-00706,Đặng Minh Vinh,0981182065,Tiki,957000,09/08/2026
TRX-2026-00707,   đặng đức linh  ,0995372783,Cửa Hàng Trực Tiếp,6025000,04/08/2026
TRX-2026-00708,Đặng Minh Tâm,990501359,Facebook Ads,7275000,08/08/2026
TRX-2026-00709,Đỗ Ngọc Em,0981783569,Website,7201000,02/08/2026
TRX-2026-00710,DƯƠNG MINH BÌNH,0934591102,Website,8272000,02/08/2026
TRX-2026-00711,Huỳnh Anh Vinh,0974 403 196,Website,2376000,09/08/2026
TRX-2026-00712,Huỳnh Văn Trang,0922.296.061,TikTok Shop,2300000,08/08/2026
TRX-2026-00713,Vũ Minh An,0942159095,Lazada,6056000,03/08/2026
TRX-2026-00714,   bùi minh khánh  ,995129618,Shopee,3043000,07/08/2026
TRX-2026-00715,HOÀNG THỊ VINH,0927189073,Lazada,580000,06/08/2026
TRX-2026-00716,Đặng Anh Vinh,0927186885,Facebook Ads,3250000,02/08/2026
TRX-2026-00717,Hồ Xuân Giang,0995107645,Website,4349000,05/08/2026
TRX-2026-00718,Huỳnh Xuân Em,0958414508,Facebook Ads,8265000,08/08/2026
TRX-2026-00719,Trần Quang Khánh,0956339931,Website,3702000,07/08/2026
,HOÀNG ANH BÌNH,924612099,Cửa Hàng Trực Tiếp,4892000,04/08/2026
TRX-2026-00721,   hồ minh phúc  ,0983764412,Facebook Ads,2384000,03/08/2026
TRX-2026-00722,Huỳnh Xuân Uyên,0999958845,Website,6981000,04/08/2026
TRX-2026-00723,Lê Anh Khánh,0915735549,Facebook Ads,2787000,09/08/2026
TRX-2026-00724,Phan Thanh Em,0928572331,Shopee,5097000,07/08/2026
TRX-2026-00621,NGUYỄN QUANG PHÚC,0932560390,TikTok Shop,4534000,02/08/2026
TRX-2026-00726,Phạm Thị Quân,956200635,Tiki,629000,02/08/2026
TRX-2026-00727,Đỗ Minh Khánh,0924687035,Shopee,2505000,09/08/2026
TRX-2026-00728,   hoàng thanh uyên  ,0917.328.035,Website,3465000,09/08/2026
TRX-2026-00729,Hồ Thanh Khánh,0972 871 855,Facebook Ads,7319000,09/08/2026
TRX-2026-00730,VÕ QUANG TÂM,0924386759,Cửa Hàng Trực Tiếp,243000,05/08/2026
TRX-2026-00731,Trần Xuân Dũng,0961372192,Website,1557000,01/08/2026
TRX-2026-00732,Hồ Anh An,965480476,Facebook Ads,256000,04/08/2026
TRX-2026-00733,Nguyễn Hoài Cường,0999859917,Website,7169000,02/08/2026
TRX-2026-00734,Nguyễn Xuân Tâm,0977236260,Shopee,2605000,06/08/2026
TRX-2026-00735,   lê xuân hương  ,0997046527,Cửa Hàng Trực Tiếp,2104000,06/08/2026
TRX-2026-00736,Nguyễn Thành Phúc,0955.889.436,Facebook Ads,3656000,03/08/2026
TRX-2026-00737,Đặng Quang Vinh,0923688643,Cửa Hàng Trực Tiếp,4480000,04/08/2026
TRX-2026-00738,Đặng Hoài Cường,928874487,Tiki,1022000,08/08/2026
TRX-2026-00739,Bùi Đức Trang,0941499905,TikTok Shop,7657000,07/08/2026
TRX-2026-00740,LÊ VĂN LINH,0933888695,Lazada,612000,02/08/2026
TRX-2026-00741,Huỳnh Thành Giang,0984728170,Tiki,3150000,03/08/2026
TRX-2026-00742,   hồ minh cường  ,0962019452,TikTok Shop,8015000,02/08/2026
TRX-2026-00743,Lê Thành An,0933542306,Shopee,1494000,03/08/2026
TRX-2026-00744,Phạm Xuân An,920793735,Lazada,7100000,09/08/2026
TRX-2026-00745,ĐẶNG THANH KHÁNH,0930063163,Cửa Hàng Trực Tiếp,7563000,01/08/2026
TRX-2026-00746,Đặng Hồng Nam,0984120641,Facebook Ads,3432000,08/08/2026
TRX-2026-00747,Đỗ Thành Linh,0986 792 707,TikTok Shop,2097000,05/08/2026
TRX-2026-00748,Dương Ngọc Bình,0964743074,Website,1879000,09/08/2026
TRX-2026-00749,   hồ quang giang  ,0983410974,TikTok Shop,6032000,10/08/2026
TRX-2026-00426,VŨ ANH PHÚC,936318604,Lazada,0,05/08/2026
TRX-2026-00751,Lê Đức Phúc,0944808156,Tiki,6665000,03/08/2026
TRX-2026-00752,Lê Anh Linh,0961.995.659,Shopee,1263000,01/08/2026
TRX-2026-00753,Ngô Minh Nam,0913120304,Cửa Hàng Trực Tiếp,7052000,03/08/2026
TRX-2026-00754,Bùi Hồng Dũng,0915281664,Website,2624000,09/08/2026
TRX-2026-00755,LÊ THÀNH HƯƠNG,0997677852,Tiki,2580000,03/08/2026
TRX-2026-00756,   đỗ đức an  ,990808445,Tiki,379000,06/08/2026
TRX-2026-00757,Huỳnh Xuân Cường,0944101426,Facebook Ads,303000,10/08/2026
TRX-2026-00758,Đặng Ngọc Cường,0955510049,Lazada,7478000,04/08/2026
TRX-2026-00759,Lê Thị Sơn,0927866058,Cửa Hàng Trực Tiếp,324000,09/08/2026
,ĐẶNG HOÀI EM,0959.649.268,Cửa Hàng Trực Tiếp,5838000,09/08/2026
TRX-2026-00761,Phạm Minh An,0945632891,Lazada,6966000,04/08/2026
TRX-2026-00762,Hồ Hồng Sơn,946371076,TikTok Shop,6115000,01/08/2026
TRX-2026-00763,   lê minh uyên  ,0924517811,Tiki,2365000,10/08/2026
TRX-2026-00764,Vũ Thị Linh,0969238521,Facebook Ads,2975000,08/08/2026
TRX-2026-00765,PHAN VĂN HƯƠNG,0914 262 997,Lazada,2188000,07/08/2026
TRX-2026-00766,Trần Minh Tâm,0982464051,Website,2983000,06/08/2026
TRX-2026-00767,Vũ Đức Trang,0911666807,Cửa Hàng Trực Tiếp,5225000,07/08/2026
TRX-2026-00768,Lê Hồng Phúc,974707587,Lazada,1475000,05/08/2026
TRX-2026-00769,Ngô Quang Tâm,0940887104,Facebook Ads,7192000,01/08/2026
TRX-2026-00770,   vũ hồng an  ,0974542215,Website,-500000,10/08/2026
TRX-2026-00771,Dương Quang Em,0973899232,Lazada,5769000,06/08/2026
TRX-2026-00772,Dương Thành Linh,0992851720,Shopee,3397000,05/08/2026
TRX-2026-00773,Dương Hồng Uyên,0932916414,TikTok Shop,8436000,06/08/2026
TRX-2026-00774,Huỳnh Hoài Linh,991993164,Lazada,1528000,09/08/2026
TRX-2026-00319,NGÔ HOÀI DŨNG,0963307724,Shopee,6300000,01/08/2026
TRX-2026-00776,Đỗ Thanh Hải,0932.261.713,Shopee,7332000,08/08/2026
TRX-2026-00777,   trần thị bình  ,0947870320,TikTok Shop,2791000,06/08/2026
TRX-2026-00778,Trần Thành Dũng,0954326583,Website,2679000,01/08/2026
TRX-2026-00779,Dương Anh Trang,0920735771,Cửa Hàng Trực Tiếp,1188000,06/08/2026
TRX-2026-00780,HUỲNH QUANG TRANG,966953345,TikTok Shop,6976000,01/08/2026
TRX-2026-00781,Đỗ Minh Phúc,0980318435,Cửa Hàng Trực Tiếp,3203000,05/08/2026
TRX-2026-00782,Hoàng Văn Dũng,0964832512,Facebook Ads,2360000,03/08/2026
TRX-2026-00783,Dương Thị Quân,0931 002 389,Tiki,5196000,07/08/2026
TRX-2026-00784,   dương hoài an  ,0912.893.283,Shopee,6067000,10/08/2026
TRX-2026-00785,DƯƠNG ANH VINH,0963441962,Cửa Hàng Trực Tiếp,6266000,06/08/2026
TRX-2026-00786,Phạm Minh Em,974814929,Website,3061000,01/08/2026
TRX-2026-00787,Dương Hồng Khánh,0933234223,TikTok Shop,6019000,05/08/2026
TRX-2026-00788,Huỳnh Minh An,0963291962,Cửa Hàng Trực Tiếp,2230000,01/08/2026
TRX-2026-00789,Dương Quang Giang,0927182162,Lazada,5808000,09/08/2026
TRX-2026-00790,HOÀNG NGỌC QUÂN,0928502386,Website,4041000,02/08/2026
TRX-2026-00791,   vũ anh giang  ,0998336168,Facebook Ads,6483000,09/08/2026
TRX-2026-00792,Võ Thành Bình,978246510,Facebook Ads,5077000,04/08/2026
TRX-2026-00793,Lê Minh Vinh,0955700384,Cửa Hàng Trực Tiếp,4594000,08/08/2026
TRX-2026-00794,Huỳnh Hoài Hải,0983721273,Website,2989000,02/08/2026
TRX-2026-00795,BÙI HOÀI UYÊN,0931872778,Website,4301000,03/08/2026
TRX-2026-00796,Đặng Minh Giang,0930182394,Cửa Hàng Trực Tiếp,6300000,01/08/2026
TRX-2026-00797,Hoàng Ngọc Hương,0922176768,Facebook Ads,8409000,04/08/2026
TRX-2026-00798,   dương ngọc cường  ,964226487,TikTok Shop,3003000,03/08/2026
TRX-2026-00799,Vũ Quang Sơn,0942250507,Shopee,2246000,03/08/2026
,BÙI HỒNG NAM,0980.479.624,Tiki,0,06/08/2026
TRX-2026-00801,Ngô Quang Hải,0982 057 918,TikTok Shop,1393000,10/08/2026
TRX-2026-00802,Phan Quang Tâm,0916418079,Cửa Hàng Trực Tiếp,6444000,05/08/2026
TRX-2026-00803,Huỳnh Thị Em,0920287811,Shopee,1779000,02/08/2026
TRX-2026-00804,Trần Hoài Tâm,995173024,Facebook Ads,8314000,09/08/2026
TRX-2026-00805,   đặng anh em  ,0911083762,TikTok Shop,1356000,09/08/2026
TRX-2026-00806,Huỳnh Xuân Vinh,0930259314,TikTok Shop,7655000,09/08/2026
TRX-2026-00807,Nguyễn Thành Giang,0970994900,Shopee,2105000,10/08/2026
TRX-2026-00808,Dương Minh Sơn,0990.465.968,TikTok Shop,3768000,08/08/2026
TRX-2026-00809,Dương Hồng Trang,0911772253,TikTok Shop,8166000,02/08/2026
TRX-2026-00810,NGÔ ĐỨC BÌNH,988743631,Facebook Ads,317000,03/08/2026
TRX-2026-00811,Hồ Hoài Dũng,0956165045,TikTok Shop,3890000,02/08/2026
TRX-2026-00812,   võ văn bình  ,0934674998,Shopee,5150000,08/08/2026
TRX-2026-00813,Phạm Quang Uyên,0988055042,Tiki,1853000,05/08/2026
TRX-2026-00814,Huỳnh Minh Khánh,0982931256,Shopee,970000,03/08/2026
TRX-2026-00815,DƯƠNG XUÂN BÌNH,0922428784,Shopee,3087000,10/08/2026
TRX-2026-00816,Huỳnh Minh Quân,946024720,Tiki,2891000,10/08/2026
TRX-2026-00817,Dương Anh Dũng,0927876540,Lazada,2958000,07/08/2026
TRX-2026-00818,Đặng Văn An,0921151038,TikTok Shop,6177000,02/08/2026
TRX-2026-00819,   trần anh hương  ,0958 364 449,Cửa Hàng Trực Tiếp,1132000,02/08/2026
TRX-2026-00820,DƯƠNG MINH UYÊN,0936943933,Website,1338000,07/08/2026
TRX-2026-00821,Ngô Thanh Sơn,0951654157,Website,3975000,02/08/2026
TRX-2026-00822,Phạm Xuân Dũng,987339840,Cửa Hàng Trực Tiếp,5447000,09/08/2026
TRX-2026-00823,Võ Ngọc Bình,0959535691,Shopee,1484000,04/08/2026
TRX-2026-00824,Ngô Ngọc Dũng,0984.222.526,Lazada,2288000,06/08/2026
TRX-2026-00152,NGUYỄN THỊ LINH,0949244771,Tiki,5141000,06/08/2026
TRX-2026-00826,   võ hồng vinh  ,0949116266,Tiki,3853000,10/08/2026
TRX-2026-00827,Lê Minh An,0956229106,Facebook Ads,8148000,03/08/2026
TRX-2026-00828,Lê Minh An,911132784,TikTok Shop,3300000,10/08/2026
TRX-2026-00829,Lê Ngọc Hương,0941240288,Facebook Ads,5690000,08/08/2026
TRX-2026-00830,VŨ THANH PHÚC,0985091886,Website,7041000,06/08/2026
TRX-2026-00831,Dương Minh Sơn,0920778846,Lazada,5139000,03/08/2026
TRX-2026-00832,Phan Xuân Hương,0951.026.753,Website,8198000,10/08/2026
TRX-2026-00833,   ngô xuân uyên  ,0998721186,TikTok Shop,2774000,08/08/2026
TRX-2026-00834,Phan Hoài An,924869164,Cửa Hàng Trực Tiếp,6461000,07/08/2026
TRX-2026-00835,HUỲNH ĐỨC EM,0921236434,Facebook Ads,6727000,02/08/2026
TRX-2026-00836,Huỳnh Hồng Hương,0934676210,Website,7061000,04/08/2026
TRX-2026-00837,Phạm Thị Cường,0937 197 023,Cửa Hàng Trực Tiếp,2124000,01/08/2026
TRX-2026-00838,Lê Hồng Em,0962325662,Tiki,7037000,09/08/2026
TRX-2026-00839,Phạm Quang Sơn,0912920758,TikTok Shop,7554000,02/08/2026
,   vũ quang phúc  ,983190926,TikTok Shop,-500000,05/08/2026
TRX-2026-00841,Đỗ Minh Hương,0988991814,TikTok Shop,8144000,04/08/2026
TRX-2026-00842,Phan Minh Trang,0997843478,Facebook Ads,2975000,08/08/2026
TRX-2026-00843,Hoàng Hồng Quân,0999935894,Website,2579000,06/08/2026
TRX-2026-00844,Đặng Đức Hải,0987568241,Lazada,8293000,09/08/2026
TRX-2026-00845,NGÔ THÀNH HƯƠNG,0938013450,Facebook Ads,5328000,02/08/2026
TRX-2026-00846,Trần Thanh Phúc,939562461,Tiki,1011000,05/08/2026
TRX-2026-00847,   lê xuân tâm  ,0923156802,Website,7032000,02/08/2026
TRX-2026-00848,Nguyễn Quang Hương,0965.719.803,TikTok Shop,1950000,09/08/2026
TRX-2026-00849,Hoàng Thành Tâm,0999812374,TikTok Shop,7372000,01/08/2026
TRX-2026-00070,HOÀNG ANH SƠN,0937226293,Lazada,0,08/08/2026
TRX-2026-00851,Hồ Thành Tâm,0962325015,TikTok Shop,7837000,08/08/2026
TRX-2026-00852,Huỳnh Hoài Nam,927004698,Lazada,5575000,05/08/2026
TRX-2026-00853,Trần Hoài Hải,0938358577,Tiki,1019000,03/08/2026
TRX-2026-00854,   bùi quang sơn  ,0946850394,Tiki,4445000,03/08/2026
TRX-2026-00855,LÊ THANH QUÂN,0943 448 405,Website,4261000,08/08/2026
TRX-2026-00856,Lê Thanh An,0996.799.663,Facebook Ads,6733000,07/08/2026
TRX-2026-00857,Vũ Xuân Khánh,0976590247,Lazada,2622000,04/08/2026
TRX-2026-00858,Lê Thanh Sơn,963865126,Website,1561000,04/08/2026
TRX-2026-00859,Phạm Ngọc Vinh,0975687116,Cửa Hàng Trực Tiếp,8110000,10/08/2026
TRX-2026-00860,ĐẶNG NGỌC SƠN,0913878053,Tiki,5128000,08/08/2026
TRX-2026-00861,   trần xuân em  ,0996410203,Tiki,2662000,03/08/2026
TRX-2026-00862,Bùi Hồng Tâm,0958709974,Tiki,2758000,04/08/2026
TRX-2026-00863,Hoàng Thị Hương,0934200248,Website,7902000,10/08/2026
TRX-2026-00864,Đặng Ngọc Trang,951753490,Cửa Hàng Trực Tiếp,1890000,04/08/2026
TRX-2026-00865,DƯƠNG XUÂN TÂM,0989565260,Tiki,646000,07/08/2026
TRX-2026-00866,Vũ Đức An,0999465532,Lazada,1355000,08/08/2026
TRX-2026-00867,Lê Anh Uyên,0925748372,Website,3048000,03/08/2026
TRX-2026-00868,   hoàng quang quân  ,0974690212,Cửa Hàng Trực Tiếp,2571000,07/08/2026
TRX-2026-00869,Ngô Thị Giang,0948092990,Cửa Hàng Trực Tiếp,870000,10/08/2026
TRX-2026-00870,VÕ XUÂN SƠN,993903390,Facebook Ads,4460000,08/08/2026
TRX-2026-00871,Trần Quang Dũng,0931085960,Cửa Hàng Trực Tiếp,514000,07/08/2026
TRX-2026-00872,Đỗ Ngọc An,0915.362.685,Facebook Ads,2685000,01/08/2026
TRX-2026-00873,Dương Hoài Phúc,0964 178 981,Shopee,2205000,01/08/2026
TRX-2026-00874,Lê Hồng Sơn,0922889217,TikTok Shop,1948000,03/08/2026
TRX-2026-00484,   huỳnh thành khánh  ,0942592217,Cửa Hàng Trực Tiếp,3103000,01/08/2026
TRX-2026-00876,Hoàng Văn Tâm,938830724,Tiki,1944000,02/08/2026
TRX-2026-00877,Đỗ Thành Cường,0921649548,Lazada,4272000,07/08/2026
TRX-2026-00878,Bùi Xuân Cường,0995593508,Tiki,2269000,02/08/2026
TRX-2026-00879,Phạm Đức Hương,0979221372,TikTok Shop,5728000,03/08/2026
,ĐỖ QUANG QUÂN,0910.875.076,TikTok Shop,4016000,02/08/2026
TRX-2026-00881,Lê Văn Hải,0929526964,Shopee,2589000,03/08/2026
TRX-2026-00882,   bùi văn hương  ,921118752,Website,3858000,01/08/2026
TRX-2026-00883,Dương Đức Nam,0989562410,Website,6421000,09/08/2026
TRX-2026-00884,Phan Văn Hải,0980551330,Shopee,2096000,09/08/2026
TRX-2026-00885,HỒ THỊ LINH,0959504068,Tiki,6705000,09/08/2026
TRX-2026-00886,Bùi Thành Nam,0937062667,TikTok Shop,5434000,06/08/2026
TRX-2026-00887,Trần Đức Nam,0957569942,Facebook Ads,8020000,01/08/2026
TRX-2026-00888,Phạm Thị Hương,931134477,Shopee,2746000,04/08/2026
TRX-2026-00889,   phạm hoài khánh  ,0952992383,Cửa Hàng Trực Tiếp,967000,03/08/2026
TRX-2026-00890,LÊ HỒNG HƯƠNG,0975865220,Website,7924000,05/08/2026
TRX-2026-00891,Bùi Ngọc Hải,0974 207 689,Lazada,3670000,04/08/2026
TRX-2026-00892,Hoàng Anh An,0983987516,Lazada,4773000,01/08/2026
TRX-2026-00893,Đặng Đức Nam,0945356368,Lazada,4344000,01/08/2026
TRX-2026-00894,Huỳnh Hồng Em,969650150,Lazada,693000,05/08/2026
TRX-2026-00895,DƯƠNG THÀNH TÂM,0921469162,TikTok Shop,3689000,02/08/2026
TRX-2026-00896,   ngô hoài vinh  ,0916.640.294,Website,598000,08/08/2026
TRX-2026-00897,Hoàng Hồng Hải,0910881971,Facebook Ads,5827000,04/08/2026
TRX-2026-00898,Lê Ngọc Hải,0943169909,Shopee,5394000,01/08/2026
TRX-2026-00899,Vũ Hồng Vinh,0972005764,Shopee,1929000,04/08/2026
TRX-2026-00815,BÙI XUÂN PHÚC,954129879,Tiki,0,09/08/2026
TRX-2026-00901,Vũ Thành Sơn,0963659888,Tiki,1867000,03/08/2026
TRX-2026-00902,Phan Quang Hải,0969742875,Tiki,4152000,08/08/2026
TRX-2026-00903,   đặng quang giang  ,0936557312,TikTok Shop,5905000,10/08/2026
TRX-2026-00904,Ngô Thành An,0911.837.414,TikTok Shop,3542000,03/08/2026
TRX-2026-00905,BÙI THÀNH TÂM,0950820764,Shopee,4756000,02/08/2026
TRX-2026-00906,Trần Thị Em,988079014,Shopee,5944000,04/08/2026
TRX-2026-00907,Đỗ Thị Uyên,0980924955,Shopee,6767000,09/08/2026
TRX-2026-00908,Bùi Thanh Dũng,0920757830,Cửa Hàng Trực Tiếp,3691000,05/08/2026
TRX-2026-00909,Phạm Hoài Hải,0952 388 785,Facebook Ads,173000,07/08/2026
TRX-2026-00910,   nguyễn hồng an  ,0917544323,Tiki,-500000,08/08/2026
TRX-2026-00911,Võ Ngọc Sơn,0919000127,TikTok Shop,3937000,10/08/2026
TRX-2026-00912,Võ Minh Phúc,920374461,Shopee,6123000,08/08/2026
TRX-2026-00913,Võ Quang Hải,0910623826,Tiki,1456000,02/08/2026
TRX-2026-00914,Phan Hồng Trang,0970999128,Lazada,4985000,04/08/2026
TRX-2026-00915,ĐỖ HỒNG LINH,0963659414,Shopee,7963000,09/08/2026
TRX-2026-00916,Ngô Đức Khánh,0936843589,Website,1196000,01/08/2026
TRX-2026-00917,   vũ văn tâm  ,0986013201,TikTok Shop,1622000,08/08/2026
TRX-2026-00918,Lê Hồng Em,920664477,Lazada,3652000,01/08/2026
TRX-2026-00919,Vũ Thị Cường,0967288732,TikTok Shop,3749000,07/08/2026
,NGUYỄN THÀNH TRANG,0994.239.814,Lazada,174000,05/08/2026
TRX-2026-00921,Đặng Thanh Hương,0993348540,Lazada,7957000,04/08/2026
TRX-2026-00922,Phạm Hồng Quân,0950781050,Facebook Ads,4201000,02/08/2026
TRX-2026-00923,Ngô Xuân Hải,0951191583,Cửa Hàng Trực Tiếp,6026000,10/08/2026
TRX-2026-00924,   đỗ thanh hải  ,978382164,Website,834000,08/08/2026
TRX-2026-00393,ĐỖ XUÂN SƠN,0948857569,Tiki,5221000,05/08/2026
TRX-2026-00926,Trần Đức Khánh,0915030188,Website,2943000,10/08/2026
TRX-2026-00927,Nguyễn Ngọc Phúc,0999 227 945,Website,1406000,07/08/2026
TRX-2026-00928,Lê Văn Bình,0915.568.303,Website,3509000,01/08/2026
TRX-2026-00929,Phan Minh Linh,0918962915,Lazada,265000,09/08/2026
TRX-2026-00930,DƯƠNG HỒNG BÌNH,953082583,Shopee,3131000,08/08/2026
TRX-2026-00931,   đặng thành vinh  ,0954341822,Lazada,1939000,10/08/2026
TRX-2026-00932,Huỳnh Đức Quân,0991936836,Lazada,1767000,02/08/2026
TRX-2026-00933,Nguyễn Đức Giang,0922584185,Facebook Ads,4219000,06/08/2026
TRX-2026-00934,Đặng Xuân Phúc,0921432413,Shopee,6262000,07/08/2026
TRX-2026-00935,NGUYỄN XUÂN GIANG,0915775010,Website,7239000,06/08/2026
TRX-2026-00936,Ngô Xuân Dũng,954370765,Lazada,6051000,09/08/2026
TRX-2026-00937,Hoàng Quang Tâm,0959033600,Lazada,4653000,09/08/2026
TRX-2026-00938,   hoàng văn tâm  ,0977388037,Shopee,7308000,03/08/2026
TRX-2026-00939,Bùi Quang Khánh,0992008058,TikTok Shop,5041000,10/08/2026
TRX-2026-00940,PHẠM THỊ PHÚC,0913660548,Cửa Hàng Trực Tiếp,3109000,09/08/2026
TRX-2026-00941,Ngô Ngọc Phúc,0927242795,Facebook Ads,6315000,01/08/2026
TRX-2026-00942,Phạm Ngọc Khánh,968137464,Tiki,3462000,03/08/2026
TRX-2026-00943,Lê Hoài Giang,0915145380,Tiki,7012000,09/08/2026
TRX-2026-00944,Đỗ Ngọc Hương,0972.766.869,Tiki,4619000,10/08/2026
TRX-2026-00945,   vũ thanh nam  ,0982 618 474,Lazada,1881000,07/08/2026
TRX-2026-00946,Hoàng Thành Em,0973519766,TikTok Shop,8206000,09/08/2026
TRX-2026-00947,Lê Thị Dũng,0995283774,Website,5719000,08/08/2026
TRX-2026-00948,Bùi Hồng Vinh,914773113,Tiki,6364000,02/08/2026
TRX-2026-00949,Dương Thanh Cường,0952305024,Tiki,8125000,06/08/2026
TRX-2026-00745,ĐỖ NGỌC KHÁNH,0996707610,Tiki,0,08/08/2026
TRX-2026-00951,Bùi Xuân Nam,0950149834,Cửa Hàng Trực Tiếp,1030000,10/08/2026
TRX-2026-00952,   hồ thị trang  ,0954.466.112,TikTok Shop,1225000,09/08/2026
TRX-2026-00953,Lê Thanh Quân,0951415019,Lazada,303000,06/08/2026
TRX-2026-00954,Võ Hồng Linh,936976857,Lazada,2745000,10/08/2026
TRX-2026-00955,VŨ XUÂN HẢI,0923028497,Cửa Hàng Trực Tiếp,6627000,07/08/2026
TRX-2026-00956,Hoàng Thành Em,0924893837,Cửa Hàng Trực Tiếp,4212000,05/08/2026
TRX-2026-00957,Đỗ Quang Uyên,0976733265,TikTok Shop,1493000,10/08/2026
TRX-2026-00958,Trần Đức Giang,0978371135,Shopee,2048000,06/08/2026
TRX-2026-00959,   lê xuân khánh  ,0922574912,Lazada,1587000,02/08/2026
,HỒ THANH TÂM,941034369,TikTok Shop,7042000,03/08/2026
TRX-2026-00961,Trần Hồng Bình,0972413948,Facebook Ads,5127000,04/08/2026
TRX-2026-00962,Võ Thành Khánh,0943374011,TikTok Shop,6935000,05/08/2026
TRX-2026-00963,Đỗ Thanh Quân,0943 388 219,Facebook Ads,3628000,06/08/2026
TRX-2026-00964,Đỗ Anh Sơn,0974546815,TikTok Shop,6574000,04/08/2026
TRX-2026-00965,PHẠM THANH TRANG,0960278741,Lazada,5069000,06/08/2026
TRX-2026-00966,   phan thanh phúc  ,910933563,Lazada,1064000,05/08/2026
TRX-2026-00967,Dương Hồng Giang,0946772433,Tiki,3403000,05/08/2026
TRX-2026-00968,Trần Hồng Cường,0969.712.759,Tiki,8250000,07/08/2026
TRX-2026-00969,Đặng Hồng An,0953939866,Tiki,4761000,09/08/2026
TRX-2026-00970,HỒ QUANG TÂM,0959556882,TikTok Shop,2054000,04/08/2026
TRX-2026-00971,Phan Đức Linh,0913231609,Lazada,4281000,09/08/2026
TRX-2026-00972,Đặng Thành Nam,956409596,Shopee,3764000,05/08/2026
TRX-2026-00973,   dương anh hương  ,0987878292,TikTok Shop,8181000,09/08/2026
TRX-2026-00974,Dương Xuân Nam,0975309613,Website,1355000,03/08/2026
TRX-2026-00143,DƯƠNG THÀNH CƯỜNG,0985535797,Tiki,252000,04/08/2026
TRX-2026-00976,Hoàng Thanh Linh,0940.098.696,Lazada,4029000,07/08/2026
TRX-2026-00977,Đặng Thanh Dũng,0977083493,Lazada,858000,06/08/2026
TRX-2026-00978,Vũ Thị Hải,955235573,Cửa Hàng Trực Tiếp,6514000,03/08/2026
TRX-2026-00979,Đặng Anh Linh,0930624704,Lazada,5594000,09/08/2026
TRX-2026-00980,   đặng thanh giang  ,0961025284,Website,-500000,08/08/2026
TRX-2026-00981,Huỳnh Thanh Hương,0938 980 774,TikTok Shop,4102000,04/08/2026
TRX-2026-00982,Vũ Đức Trang,0912479050,Lazada,6035000,01/08/2026
TRX-2026-00983,Vũ Xuân Uyên,0955638816,TikTok Shop,8234000,04/08/2026
TRX-2026-00984,Phạm Ngọc Trang,966017575,Tiki,8291000,05/08/2026
TRX-2026-00985,NGUYỄN ANH BÌNH,0972805411,Shopee,6847000,10/08/2026
TRX-2026-00986,Nguyễn Thành An,0926634493,Tiki,7770000,08/08/2026
TRX-2026-00987,   đặng hoài quân  ,0912049664,TikTok Shop,6168000,09/08/2026
TRX-2026-00988,Võ Anh Linh,0958445523,Facebook Ads,5371000,01/08/2026
TRX-2026-00989,Đỗ Thị Bình,0980360535,Tiki,2269000,09/08/2026
TRX-2026-00990,ĐẶNG ĐỨC SƠN,972528575,Website,4394000,01/08/2026
TRX-2026-00991,Nguyễn Thị Trang,0991583430,Website,7384000,07/08/2026
TRX-2026-00992,Dương Quang Hương,0921.553.149,Lazada,7862000,04/08/2026
TRX-2026-00993,Hoàng Thanh Linh,0974548612,Shopee,7977000,05/08/2026
TRX-2026-00994,   ngô ngọc cường  ,0993482161,Website,8098000,04/08/2026
TRX-2026-00995,HỒ ANH SƠN,0943863754,Shopee,7794000,09/08/2026
TRX-2026-00996,Ngô Đức Vinh,936924233,Website,2409000,04/08/2026
TRX-2026-00997,Đặng Xuân Cường,0930828177,Website,6833000,07/08/2026
TRX-2026-00998,Phạm Đức Nam,0975591418,Website,548000,09/08/2026
TRX-2026-00999,Bùi Minh Uyên,0975 650 215,Lazada,7148000,10/08/2026
,VÕ NGỌC NAM,0975.994.613,Tiki,0,08/08/2026
